time,episode,event,winner,player_game,system_game,player_set,system_set,player_sets,system_sets,shots
1713213211075645265,1,1,1,0,3,0,1,0,0,5
1713213211076688024,1,1,1,0,3,0,2,0,0,4
1713213211077994490,1,1,1,0,3,0,3,0,0,7
1713213211079022474,1,1,1,0,3,0,4,0,0,4
1713213211080704418,1,1,1,0,3,0,5,0,0,5
1713213211081702744,1,2,1,0,3,0,6,0,1,6
1713213211083626608,1,1,1,0,3,0,1,0,1,5
1713213211084543875,1,1,1,0,3,0,2,0,1,4
1713213211086888765,1,1,1,0,3,0,3,0,1,15
1713213211088565953,1,1,1,0,3,0,4,0,1,10
1713213211091494445,1,1,1,3,4,0,5,0,1,7
1713213211093020629,1,3,1,0,3,0,6,0,2,2
1713213211095216260,2,1,1,1,3,0,1,0,0,7
1713213211096524734,2,1,1,0,3,0,2,0,0,4
1713213211098500755,2,1,1,1,3,0,3,0,0,5
1713213211100116866,2,1,1,0,3,0,4,0,0,10
1713213211102272605,2,1,1,1,3,0,5,0,0,13
1713213211103690223,2,2,1,0,3,0,6,0,1,4
1713213211106261423,2,1,1,1,3,0,1,0,1,3
1713213211109442459,2,1,1,2,3,0,2,0,1,2
1713213211111306692,2,1,1,0,3,0,3,0,1,7
1713213211114218357,2,1,1,0,3,0,4,0,1,8
1713213211116231411,2,1,1,0,3,0,5,0,1,3
1713213211118857821,2,3,1,0,3,0,6,0,2,10
1713213211120302414,3,1,1,0,3,0,1,0,0,7
1713213211122376303,3,1,1,0,3,0,2,0,0,10
1713213211124526804,3,1,1,0,3,0,3,0,0,13
1713213211126265331,3,1,1,0,3,0,4,0,0,6
1713213211128462315,3,1,1,0,3,0,5,0,0,9
1713213211130656277,3,2,1,0,3,0,6,0,1,4
1713213211132761222,3,1,1,1,3,0,1,0,1,9
1713213211134308512,3,1,1,0,3,0,2,0,1,8
1713213211135987025,3,1,1,0,3,0,3,0,1,7
1713213211137709694,3,1,1,0,3,0,4,0,1,4
1713213211140383416,3,1,1,0,3,0,5,0,1,13
1713213211142488886,3,3,1,0,3,0,6,0,2,8
1713213211143857337,4,1,1,0,3,0,1,0,0,7
1713213211145381898,4,1,1,0,3,0,2,0,0,4
1713213211148031780,4,1,1,0,3,0,3,0,0,5
1713213211149772026,4,1,1,0,3,0,4,0,0,2
1713213211151956004,4,1,1,0,3,0,5,0,0,7
1713213211154181910,4,2,1,0,3,0,6,0,1,12
1713213211156951718,4,1,1,1,3,0,1,0,1,3
1713213211159066895,4,1,1,0,3,0,2,0,1,8
1713213211160273514,4,1,1,0,3,0,3,0,1,3
1713213211163712864,4,1,1,1,3,0,4,0,1,4
1713213211167611619,4,1,1,1,3,0,5,0,1,9
1713213211171399480,4,3,1,2,3,0,6,0,2,18
1713213211174427642,5,1,1,1,3,0,1,0,0,5
1713213211177812570,5,1,1,1,3,0,2,0,0,8
1713213211180676044,5,1,1,0,3,0,3,0,0,15
1713213211182325392,5,1,1,0,3,0,4,0,0,8
1713213211184667551,5,1,1,1,3,0,5,0,0,5
1713213211187813154,5,2,1,0,3,0,6,0,1,16
1713213211192926630,5,1,1,2,3,0,1,0,1,13
1713213211197599085,5,1,1,2,3,0,2,0,1,10
1713213211201773874,5,1,1,0,3,0,3,0,1,9
1713213211205031982,5,1,1,0,3,0,4,0,1,22
1713213211208701246,5,1,1,0,3,0,5,0,1,3
1713213211211370965,5,3,1,1,3,0,6,0,2,14
1713213211213980914,6,1,1,0,3,0,1,0,0,9
1713213211218057482,6,1,1,0,3,0,2,0,0,22
1713213211222626277,6,1,1,0,3,0,3,0,0,5
1713213211225139730,6,1,1,0,3,0,4,0,0,16
1713213211230601686,6,1,1,1,3,0,5,0,0,7
1713213211235342849,6,2,1,1,3,0,6,0,1,32
1713213211237993421,6,1,1,1,3,0,1,0,1,5
1713213211242683977,6,1,1,1,3,0,2,0,1,8
1713213211246633687,6,1,1,1,3,0,3,0,1,17
1713213211248281809,6,1,1,0,3,0,4,0,1,4
1713213211251434469,6,1,1,1,3,0,5,0,1,5
1713213211253135784,6,3,1,0,3,0,6,0,2,6
1713213211257481325,7,1,1,1,3,0,1,0,0,21
1713213211259876904,7,1,1,0,3,0,2,0,0,16
1713213211264457211,7,1,1,0,3,0,3,0,0,21
1713213211267401423,7,1,1,2,3,0,4,0,0,6
1713213211270916949,7,1,1,0,3,0,5,0,0,17
1713213211274454264,7,2,1,0,3,0,6,0,1,20
1713213211277307479,7,1,1,1,3,0,1,0,1,5
1713213211282352468,7,1,1,0,3,0,2,0,1,10
1713213211286600882,7,1,1,1,3,0,3,0,1,37
1713213211294513196,7,1,1,1,3,0,4,0,1,30
1713213211298716546,7,1,1,0,3,0,5,0,1,9
1713213211304388392,7,3,1,3,4,0,6,0,2,32
1713213211308688368,8,1,1,1,3,0,1,0,0,11
1713213211311806908,8,1,1,0,3,0,2,0,0,12
1713213211314517296,8,1,1,1,3,0,3,0,0,13
1713213211317399205,8,1,1,0,3,0,4,0,0,4
1713213211320301979,8,1,1,0,3,0,5,0,0,9
1713213211325866696,8,2,1,1,3,0,6,0,1,14
1713213211334452419,8,1,1,2,3,0,1,0,1,9
1713213211341930714,8,1,1,0,3,0,2,0,1,20
1713213211346310846,8,1,1,2,3,0,3,0,1,13
1713213211350657593,8,1,1,1,3,0,4,0,1,8
1713213211352707238,8,1,1,0,3,0,5,0,1,13
1713213211358034405,8,3,1,0,3,0,6,0,2,6
1713213211361373285,9,1,1,0,3,0,1,0,0,13
1713213211367301313,9,1,1,0,3,0,2,0,0,28
1713213211371036089,9,1,1,2,3,0,3,0,0,17
1713213211374145765,9,1,1,1,3,0,4,0,0,2
1713213211379190175,9,1,1,2,3,0,5,0,0,9
1713213211382339292,9,2,1,0,3,0,6,0,1,20
1713213211386879258,9,1,1,1,3,0,1,0,1,7
1713213211391751332,9,1,1,1,3,0,2,0,1,20
1713213211396449362,9,1,1,1,3,0,3,0,1,21
1713213211401152964,9,1,1,1,3,0,4,0,1,6
1713213211405623857,9,1,1,0,3,0,5,0,1,5
1713213211410092454,9,3,1,1,3,0,6,0,2,8
1713213211417129373,10,1,1,2,3,0,1,0,0,37
1713213211419880990,10,1,1,0,3,0,2,0,0,8
1713213211423642077,10,1,1,0,3,0,3,0,0,3
1713213211427971673,10,1,1,0,3,0,4,0,0,8
1713213211431053255,10,1,1,1,3,0,5,0,0,7
1713213211434623258,10,2,1,0,3,0,6,0,1,12
1713213211439595355,10,1,1,0,3,0,1,0,1,25
1713213211444835563,10,1,1,0,3,0,2,0,1,6
1713213211453443027,10,1,1,1,3,0,3,0,1,33
1713213211457877937,10,1,1,1,3,0,4,0,1,30
1713213211462315137,10,1,0,3,1,1,4,0,1,12
1713213211468036120,10,1,1,0,3,1,5,0,1,28
1713213211476425592,10,3,1,1,3,1,6,0,2,39
1713213211479274260,11,1,1,0,3,0,1,0,0,18
1713213211482943958,11,1,0,3,2,1,1,0,0,32
1713213211487330994,11,1,1,0,3,1,2,0,0,14
1713213211494717240,11,1,1,0,3,1,3,0,0,17
1713213211498843426,11,1,1,1,3,1,4,0,0,12
1713213211502696194,11,1,1,1,3,1,5,0,0,7
1713213211508968062,11,2,1,2,3,1,6,0,1,14
1713213211518737557,11,1,1,2,3,0,1,0,1,43
1713213211529452736,11,1,1,3,4,0,2,0,1,24
1713213211533728064,11,1,1,2,3,0,3,0,1,17
1713213211542487649,11,1,1,0,3,0,4,0,1,52
1713213211547884839,11,1,1,1,3,0,5,0,1,11
1713213211550268224,11,3,1,1,3,0,6,0,2,12
1713213211554977140,12,1,1,1,3,0,1,0,0,19
1713213211563689432,12,1,1,3,4,0,2,0,0,16
1713213211575034538,12,1,1,3,4,0,3,0,0,31
1713213211578988514,12,1,1,1,3,0,4,0,0,18
1713213211585419620,12,1,1,1,3,0,5,0,0,21
1713213211589047044,12,2,1,0,3,0,6,0,1,16
1713213211603118274,12,1,1,3,4,0,1,0,1,51
1713213211608184855,12,1,1,2,3,0,2,0,1,14
1713213211615290587,12,1,1,1,3,0,3,0,1,37
1713213211624652073,12,1,1,3,4,0,4,0,1,34
1713213211628868290,12,1,1,2,3,0,5,0,1,23
1713213211636720554,12,3,1,1,3,0,6,0,2,36
1713213211643838495,13,1,1,2,3,0,1,0,0,7
1713213211649385146,13,1,1,2,3,0,2,0,0,6
1713213211654618746,13,1,1,2,3,0,3,0,0,27
1713213211658050432,13,1,1,0,3,0,4,0,0,6
1713213211665726794,13,1,1,0,3,0,5,0,0,15
1713213211673894993,13,2,1,2,3,0,6,0,1,20
1713213211678111724,13,1,1,2,3,0,1,0,1,7
1713213211685067404,13,1,1,1,3,0,2,0,1,28
1713213211695283396,13,1,1,2,3,0,3,0,1,9
1713213211706175900,13,1,1,1,3,0,4,0,1,18
1713213211711981527,13,1,1,0,3,0,5,0,1,9
1713213211718773595,13,3,1,2,3,0,6,0,2,4
1713213211726220144,14,1,0,3,2,1,0,0,0,4
1713213211733064126,14,1,1,0,3,1,1,0,0,34
1713213211741595456,14,1,1,3,4,1,2,0,0,5
1713213211753470652,14,1,1,3,4,1,3,0,0,20
1713213211761547184,14,1,1,1,3,1,4,0,0,53
1713213211768652860,14,1,1,1,3,1,5,0,0,16
1713213211774466549,14,2,1,0,3,1,6,0,1,39
1713213211785164892,14,1,1,2,3,0,1,0,1,34
1713213211793003229,14,1,1,3,4,0,2,0,1,7
1713213211799987546,14,1,1,0,3,0,3,0,1,28
1713213211810824091,14,1,1,3,4,0,4,0,1,37
1713213211819856334,14,1,1,3,4,0,5,0,1,26
1713213211829696285,14,3,1,2,3,0,6,0,2,39
1713213211836036027,15,1,1,0,3,0,1,0,0,32
1713213211856972469,15,1,1,3,4,0,2,0,0,9
1713213211864487445,15,1,1,2,3,0,3,0,0,10
1713213211869373988,15,1,1,0,3,0,4,0,0,33
1713213211875322258,15,1,1,2,3,0,5,0,0,4
1713213211882426736,15,1,0,3,2,1,5,0,0,16
1713213211890766385,15,2,1,3,4,1,6,0,1,4
1713213211911769772,15,1,1,3,4,0,1,0,1,39
1713213211925096425,15,1,1,2,3,0,2,0,1,56
1713213211935075600,15,1,1,1,3,0,3,0,1,77
1713213211947131282,15,1,1,3,4,0,4,0,1,14
1713213211949913082,15,1,0,3,0,1,4,0,1,22
1713213211955663035,15,1,1,1,3,1,5,0,1,32
1713213211964485187,15,3,1,1,3,1,6,0,2,43
1713213211980229928,16,1,1,3,4,0,1,0,0,50
1713213211989560671,16,1,1,3,4,0,2,0,0,5
1713213211997122804,16,1,1,0,3,0,3,0,0,16
1713213212014761931,16,1,1,3,4,0,4,0,0,27
1713213212019714050,16,1,1,1,3,0,5,0,0,16
1713213212025498326,16,2,1,0,3,0,6,0,1,13
1713213212029599352,16,1,1,0,3,0,1,0,1,16
1713213212034994378,16,1,1,1,3,0,2,0,1,17
1713213212044125228,16,1,0,4,3,1,2,0,1,45
1713213212048258781,16,1,0,3,1,2,2,0,1,4
1713213212052513489,16,1,1,1,3,2,3,0,1,6
1713213212064832334,16,1,1,3,4,2,4,0,1,17
1713213212070841034,16,1,1,0,3,2,5,0,1,42
1713213212091386804,16,3,1,3,4,2,6,0,2,17
1713213212103161658,17,1,1,3,4,0,1,0,0,18
1713213212108981343,17,1,0,3,2,1,1,0,0,6
1713213212116737715,17,1,1,1,3,1,2,0,0,56
1713213212120657923,17,1,1,0,3,1,3,0,0,17
1713213212126865389,17,1,1,2,3,1,4,0,0,16
1713213212136501163,17,1,1,2,3,1,5,0,0,31
1713213212147051654,17,2,1,3,4,1,6,0,1,46
1713213212155646310,17,1,1,1,3,0,1,0,1,13
1713213212161067431,17,1,1,0,3,0,2,0,1,6
1713213212165148621,17,1,0,3,0,1,2,0,1,8
1713213212177212489,17,1,1,1,3,1,3,0,1,12
1713213212189371964,17,1,1,0,3,1,4,0,1,15
1713213212193733023,17,1,1,0,3,1,5,0,1,6
1713213212210501958,17,3,1,1,3,1,6,0,2,23
1713213212220895017,18,1,1,2,3,0,1,0,0,22
1713213212232042417,18,1,1,3,4,0,2,0,0,17
1713213212242599531,18,1,1,1,3,0,3,0,0,20
1713213212249128306,18,1,1,2,3,0,4,0,0,9
1713213212253793481,18,1,1,1,3,0,5,0,0,6
1713213212259733691,18,2,1,1,3,0,6,0,1,13
1713213212269743145,18,1,1,3,4,0,1,0,1,6
1713213212288616577,18,1,0,4,3,1,1,0,1,12
1713213212298655608,18,1,1,0,3,1,2,0,1,68
1713213212310690851,18,1,1,0,3,1,3,0,1,43
1713213212317928283,18,1,1,1,3,1,4,0,1,30
1713213212328986151,18,1,1,3,4,1,5,0,1,5
1713213212335044397,18,3,1,0,3,1,6,0,2,22
1713213212341219401,19,1,1,0,3,0,1,0,0,33
1713213212349986642,19,1,1,1,3,0,2,0,0,28
1713213212360087895,19,1,0,3,2,1,2,0,0,6
1713213212372891880,19,1,1,2,3,1,3,0,0,92
1713213212382933499,19,1,0,3,1,2,3,0,0,10
1713213212389319511,19,1,1,1,3,2,4,0,0,22
1713213212395155294,19,1,1,1,3,2,5,0,0,3
1713213212405265862,19,1,0,3,2,3,5,0,0,11
1713213212417963372,19,2,1,3,4,3,6,0,1,39
1713213212429652107,19,1,1,1,3,0,1,0,1,50
1713213212438915189,19,1,1,2,3,0,2,0,1,29
1713213212445364287,19,1,1,1,3,0,3,0,1,26
1713213212463701392,19,1,1,3,4,0,4,0,1,37
1713213212471917569,19,1,1,1,3,0,5,0,1,8
1713213212477884214,19,3,1,0,3,0,6,0,2,13
1713213212489185372,20,1,1,1,3,0,1,0,0,2
1713213212505395703,20,1,1,2,3,0,2,0,0,21
1713213212513260541,20,1,1,2,3,0,3,0,0,16
1713213212520489950,20,1,1,0,3,0,4,0,0,57
1713213212524446050,20,1,0,3,1,1,4,0,0,9
1713213212528593802,20,1,1,0,3,1,5,0,0,13
1713213212543621571,20,2,1,3,4,1,6,0,1,26
1713213212556665229,20,1,1,3,4,0,1,0,1,37
1713213212568779440,20,1,1,1,3,0,2,0,1,2
1713213212580175333,20,1,1,1,3,0,3,0,1,53
1713213212584540106,20,1,1,1,3,0,4,0,1,8
1713213212591505503,20,1,1,2,3,0,5,0,1,17
1713213212599161062,20,3,1,2,3,0,6,0,2,8
1713213212610531887,21,1,0,3,0,1,0,0,0,38
1713213212618912118,21,1,1,2,3,1,1,0,0,10
1713213212633992838,21,1,1,3,4,1,2,0,0,13
1713213212646025177,21,1,1,2,3,1,3,0,0,10
1713213212672996179,21,1,1,3,4,1,4,0,0,5
1713213212680830557,21,1,1,3,4,1,5,0,0,12
1713213212703767196,21,2,1,3,4,1,6,0,1,9
1713213212715655405,21,1,1,2,3,0,1,0,1,30
1713213212727772179,21,1,0,3,2,1,1,0,1,52
1713213212744073789,21,1,1,3,4,1,2,0,1,30
1713213212753775275,21,1,0,3,2,2,2,0,1,28
1713213212761608441,21,1,1,2,3,2,3,0,1,32
1713213212771167659,21,1,1,0,3,2,4,0,1,9
1713213212781016941,21,1,1,1,3,2,5,0,1,8
1713213212805033486,21,3,1,3,4,2,6,0,2,5
1713213212814281366,22,1,0,3,0,1,0,0,0,13
1713213212824486908,22,1,1,2,3,1,1,0,0,5
1713213212853893427,22,1,0,4,3,2,1,0,0,29
1713213212868787049,22,1,1,3,4,2,2,0,0,47
1713213212877282317,22,1,1,0,3,2,3,0,0,8
1713213212887153213,22,1,0,3,2,3,3,0,0,28
1713213212900164206,22,1,1,1,3,3,4,0,0,62
1713213212906525897,22,1,1,1,3,3,5,0,0,13
1713213212932048406,22,2,1,3,4,3,6,0,1,18
1713213212939191310,22,1,0,3,2,1,0,0,1,6
1713213212947986313,22,1,0,3,2,2,0,0,1,9
1713213212959545964,22,1,0,3,2,3,0,0,1,8
1713213212971989394,22,1,1,1,3,3,1,0,1,18
1713213212981865719,22,1,1,2,3,3,2,0,1,21
1713213212989178741,22,1,1,0,3,3,3,0,1,32
1713213213010945768,22,1,1,3,4,3,4,0,1,69
1713213213020807821,22,1,0,3,2,4,4,0,1,57
1713213213033735672,22,1,0,3,2,5,4,0,1,10
1713213213045666143,22,1,1,3,4,5,5,0,1,4
1713213213053488467,22,1,1,1,3,5,6,0,1,11
1713213213066185559,22,3,1,1,3,5,7,0,2,92
1713213213078856342,23,1,1,1,3,0,1,0,0,37
1713213213092092683,23,1,1,3,4,0,2,0,0,16
1713213213101979921,23,1,1,2,3,0,3,0,0,25
1713213213116532744,23,1,1,1,3,0,4,0,0,20
1713213213126387226,23,1,0,3,1,1,4,0,0,44
1713213213135366607,23,1,1,2,3,1,5,0,0,14
1713213213143202068,23,1,0,3,1,2,5,0,0,22
1713213213158458725,23,2,1,2,3,2,6,0,1,4
1713213213169083649,23,1,1,3,4,0,1,0,1,15
1713213213177658402,23,1,1,1,3,0,2,0,1,10
1713213213182856680,23,1,1,0,3,0,3,0,1,31
1713213213195269334,23,1,0,3,1,1,3,0,1,15
1713213213205853317,23,1,1,1,3,1,4,0,1,27
1713213213216703377,23,1,1,2,3,1,5,0,1,2
1713213213221188981,23,1,0,3,0,2,5,0,1,16
1713213213226741412,23,3,1,1,3,2,6,0,2,28
1713213213234286517,24,1,1,2,3,0,1,0,0,19
1713213213246077507,24,1,1,3,4,0,2,0,0,6
1713213213263700419,24,1,1,3,4,0,3,0,0,3
1713213213271407858,24,1,1,1,3,0,4,0,0,30
1713213213278571423,24,1,1,1,3,0,5,0,0,25
1713213213293516230,24,1,0,4,3,1,5,0,0,9
1713213213299432861,24,2,1,0,3,1,6,0,1,19
1713213213312532066,24,1,1,2,3,0,1,0,1,82
1713213213317928716,24,1,1,1,3,0,2,0,1,7
1713213213330837391,24,1,1,1,3,0,3,0,1,88
1713213213340671417,24,1,1,1,3,0,4,0,1,21
1713213213350201448,24,1,1,2,3,0,5,0,1,6
1713213213354944292,24,3,1,1,3,0,6,0,2,17
1713213213362702125,25,1,1,2,3,0,1,0,0,4
1713213213367756807,25,1,1,0,3,0,2,0,0,25
1713213213400566761,25,1,1,3,4,0,3,0,0,50
1713213213426900180,25,1,1,3,4,0,4,0,0,57
1713213213453790765,25,1,0,4,3,1,4,0,0,21
1713213213468588075,25,1,1,3,4,1,5,0,0,9
1713213213476128560,25,2,1,1,3,1,6,0,1,24
1713213213484117849,25,1,1,3,4,0,1,0,1,9
1713213213491205689,25,1,1,1,3,0,2,0,1,26
1713213213501528037,25,1,1,2,3,0,3,0,1,39
1713213213508726889,25,1,1,1,3,0,4,0,1,24
1713213213519863368,25,1,1,2,3,0,5,0,1,27
1713213213531670817,25,3,1,3,4,0,6,0,2,2
1713213213538781768,26,1,1,1,3,0,1,0,0,39
1713213213553296812,26,1,1,3,4,0,2,0,0,2
1713213213560868070,26,1,0,3,2,1,2,0,0,14
1713213213573949843,26,1,0,3,2,2,2,0,0,15
1713213213596955188,26,1,1,3,4,2,3,0,0,53
1713213213604596248,26,1,1,2,3,2,4,0,0,28
1713213213618855668,26,1,1,2,3,2,5,0,0,41
1713213213629949582,26,1,0,3,1,3,5,0,0,9
1713213213635579664,26,2,1,1,3,3,6,0,1,21
1713213213648025379,26,1,1,1,3,0,1,0,1,22
1713213213661479472,26,1,1,2,3,0,2,0,1,9
1713213213666866525,26,1,0,3,1,1,2,0,1,5
1713213213684885032,26,1,1,2,3,1,3,0,1,7
1713213213695385896,26,1,1,1,3,1,4,0,1,6
1713213213703570921,26,1,0,3,1,2,4,0,1,20
1713213213713577286,26,1,1,2,3,2,5,0,1,10
1713213213720187808,26,3,1,2,3,2,6,0,2,19
1713213213726644203,27,1,0,3,2,1,0,0,0,5
1713213213738590662,27,1,1,2,3,1,1,0,0,21
1713213213753321556,27,1,1,1,3,1,2,0,0,24
1713213213759258637,27,1,1,0,3,1,3,0,0,29
1713213213767691939,27,1,0,3,2,2,3,0,0,15
1713213213773885394,27,1,1,1,3,2,4,0,0,19
1713213213778776774,27,1,1,0,3,2,5,0,0,26
1713213213789521159,27,2,1,2,3,2,6,0,1,19
1713213213800193677,27,1,1,2,3,0,1,0,1,28
1713213213814246406,27,1,1,2,3,0,2,0,1,43
1713213213825220315,27,1,1,0,3,0,3,0,1,48
1713213213834716744,27,1,1,2,3,0,4,0,1,5
1713213213849849529,27,1,1,1,3,0,5,0,1,60
1713213213859989945,27,3,1,1,3,0,6,0,2,15
1713213213869515419,28,1,1,2,3,0,1,0,0,10
1713213213885478240,28,1,1,2,3,0,2,0,0,45
1713213213918732489,28,1,1,3,4,0,3,0,0,78
1713213213931821983,28,1,1,2,3,0,4,0,0,27
1713213213949200732,28,1,1,3,4,0,5,0,0,46
1713213213960724305,28,1,0,4,3,1,5,0,0,14
1713213213969791520,28,2,1,1,3,1,6,0,1,12
1713213213977246990,28,1,1,1,3,0,1,0,1,29
1713213213991070961,28,1,1,2,3,0,2,0,1,48
1713213214001630866,28,1,1,3,4,0,3,0,1,11
1713213214012384849,28,1,1,2,3,0,4,0,1,18
1713213214018701500,28,1,0,4,3,1,4,0,1,4
1713213214028537922,28,1,1,1,3,1,5,0,1,34
1713213214044464046,28,3,1,3,4,1,6,0,2,19
1713213214050397728,29,1,0,3,1,1,0,0,0,9
1713213214064090420,29,1,1,3,4,1,1,0,0,11
1713213214078370305,29,1,1,0,3,1,2,0,0,90
1713213214101058650,29,1,0,4,3,2,2,0,0,26
1713213214112703873,29,1,1,2,3,2,3,0,0,10
1713213214128104680,29,1,1,1,3,2,4,0,0,35
1713213214143072422,29,1,1,2,3,2,5,0,0,28
1713213214154590457,29,2,1,1,3,2,6,0,1,15
1713213214170431459,29,1,1,2,3,0,1,0,1,68
1713213214184863013,29,1,1,3,4,0,2,0,1,11
1713213214200209509,29,1,1,3,4,0,3,0,1,18
1713213214213836697,29,1,1,2,3,0,4,0,1,11
1713213214231815110,29,1,1,3,4,0,5,0,1,8
1713213214239264128,29,3,1,1,3,0,6,0,2,9
1713213214249844457,30,1,1,3,4,0,1,0,0,30
1713213214258311030,30,1,0,3,1,1,1,0,0,6
1713213214263393141,30,1,1,0,3,1,2,0,0,22
1713213214269702012,30,1,1,1,3,1,3,0,0,11
1713213214280273882,30,1,1,2,3,1,4,0,0,6
1713213214290107753,30,1,1,2,3,1,5,0,0,9
1713213214308051235,30,2,1,3,4,1,6,0,1,26
1713213214321057582,30,1,1,0,3,0,1,0,1,89
1713213214325767217,30,1,1,0,3,0,2,0,1,12
1713213214350278706,30,1,1,3,4,0,3,0,1,3
1713213214354343556,30,1,1,1,3,0,4,0,1,2
1713213214373356007,30,1,1,3,4,0,5,0,1,17
1713213214397815634,30,1,0,3,2,1,5,0,1,65
1713213214410772470,30,1,0,4,3,2,5,0,1,4
1713213214421941878,30,3,1,2,3,2,6,0,2,48
1713213214434766523,31,1,0,3,1,1,0,0,0,86
1713213214445830433,31,1,0,3,2,2,0,0,0,9
1713213214455006421,31,1,1,1,3,2,1,0,0,21
1713213214470968666,31,1,0,3,2,3,1,0,0,89
1713213214486702993,31,1,1,1,3,3,2,0,0,61
1713213214497977736,31,1,1,2,3,3,3,0,0,4
1713213214508095163,31,1,0,3,0,4,3,0,0,8
1713213214522608174,31,1,1,3,4,4,4,0,0,34
1713213214538656671,31,1,1,3,4,4,5,0,0,45
1713213214544790630,31,2,1,0,3,4,6,0,1,36
1713213214548956769,31,1,1,0,3,0,1,0,1,7
1713213214556004374,31,1,1,0,3,0,2,0,1,30
1713213214567160356,31,1,1,2,3,0,3,0,1,7
1713213214576665639,31,1,1,2,3,0,4,0,1,14
1713213214595074943,31,1,1,3,4,0,5,0,1,11
1713213214608132770,31,3,1,3,4,0,6,0,2,8
1713213214628690443,32,1,1,3,4,0,1,0,0,63
1713213214641833850,32,1,1,3,4,0,2,0,0,6
1713213214653672182,32,1,0,3,1,1,2,0,0,10
1713213214668430107,32,1,1,3,4,1,3,0,0,24
1713213214685498620,32,1,1,1,3,1,4,0,0,59
1713213214700427235,32,1,1,2,3,1,5,0,0,14
1713213214717659788,32,1,0,3,2,2,5,0,0,26
1713213214736113785,32,2,1,3,4,2,6,0,1,12
1713213214749215303,32,1,1,1,3,0,1,0,1,49
1713213214757900143,32,1,1,3,4,0,2,0,1,6
1713213214776397203,32,1,1,3,4,0,3,0,1,7
1713213214786094605,32,1,1,1,3,0,4,0,1,44
1713213214801749627,32,1,1,3,4,0,5,0,1,27
1713213214818945616,32,1,0,4,3,1,5,0,1,7
1713213214828928864,32,1,0,3,1,2,5,0,1,28
1713213214838404421,32,3,1,0,3,2,6,0,2,28
1713213214849003416,33,1,0,3,2,1,0,0,0,16
1713213214868848595,33,1,1,3,4,1,1,0,0,44
1713213214884242155,33,1,0,3,1,2,1,0,0,52
1713213214895406645,33,1,1,2,3,2,2,0,0,38
1713213214932953749,33,1,0,4,3,3,2,0,0,12
1713213214936904401,33,1,1,0,3,3,3,0,0,18
1713213214950325186,33,1,0,3,1,4,3,0,0,14
1713213214958260402,33,1,1,1,3,4,4,0,0,8
1713213214966550817,33,1,1,2,3,4,5,0,0,9
1713213214973414996,33,2,1,1,3,4,6,0,1,38
1713213214980184111,33,1,1,0,3,0,1,0,1,25
1713213214994420217,33,1,1,1,3,0,2,0,1,40
1713213215008381004,33,1,1,3,4,0,3,0,1,17
1713213215025921231,33,1,1,2,3,0,4,0,1,40
1713213215034673840,33,1,1,1,3,0,5,0,1,9
1713213215066475431,33,1,0,4,3,1,5,0,1,11
1713213215073385236,33,1,0,3,2,2,5,0,1,10
1713213215077572860,33,1,0,3,0,3,5,0,1,25
1713213215092354973,33,1,0,3,1,4,5,0,1,68
1713213215099999470,33,3,1,1,3,4,6,0,2,2
1713213215109887048,34,1,1,2,3,0,1,0,0,37
1713213215120715898,34,1,1,2,3,0,2,0,0,22
1713213215127966782,34,1,1,1,3,0,3,0,0,23
1713213215137214357,34,1,1,2,3,0,4,0,0,44
1713213215162230614,34,1,1,3,4,0,5,0,0,13
1713213215169755782,34,2,1,2,3,0,6,0,1,6
1713213215180710591,34,1,0,4,3,1,0,0,1,26
1713213215184996177,34,1,0,3,2,2,0,0,1,5
1713213215199999689,34,1,1,3,4,2,1,0,1,43
1713213215206764258,34,1,1,1,3,2,2,0,1,14
1713213215219026629,34,1,1,2,3,2,3,0,1,19
1713213215228634876,34,1,1,2,3,2,4,0,1,72
1713213215236669396,34,1,1,2,3,2,5,0,1,43
1713213215240215430,34,1,0,3,0,3,5,0,1,7
1713213215253153111,34,3,1,2,3,3,6,0,2,17
1713213215275289831,35,1,1,3,4,0,1,0,0,6
1713213215287941789,35,1,1,3,4,0,2,0,0,25
1713213215296088888,35,1,1,0,3,0,3,0,0,62
1713213215314873697,35,1,0,4,3,1,3,0,0,6
1713213215330581694,35,1,1,3,4,1,4,0,0,68
1713213215347387957,35,1,1,2,3,1,5,0,0,9
1713213215351562511,35,2,1,0,3,1,6,0,1,2
1713213215364017875,35,1,1,0,3,0,1,0,1,31
1713213215374907826,35,1,1,2,3,0,2,0,1,4
1713213215378348883,35,1,0,3,0,1,2,0,1,6
1713213215386378267,35,1,1,0,3,1,3,0,1,58
1713213215400453425,35,1,1,2,3,1,4,0,1,85
1713213215408359719,35,1,0,3,2,2,4,0,1,11
1713213215423240210,35,1,1,3,4,2,5,0,1,15
1713213215431660922,35,3,1,2,3,2,6,0,2,30
1713213215447765672,36,1,1,3,4,0,1,0,0,45
1713213215456668922,36,1,0,3,2,1,1,0,0,37
1713213215465294337,36,1,0,3,1,2,1,0,0,44
1713213215468916175,36,1,1,1,3,2,2,0,0,14
1713213215474810572,36,1,0,3,1,3,2,0,0,6
1713213215495801769,36,1,1,2,3,3,3,0,0,100
1713213215503838708,36,1,0,3,1,4,3,0,0,18
1713213215511019184,36,1,1,0,3,4,4,0,0,8
1713213215536373609,36,1,0,4,3,5,4,0,0,32
1713213215551190996,36,1,1,3,4,5,5,0,0,14
1713213215561000882,36,1,0,3,2,6,5,0,0,10
1713213215569422835,36,2,0,3,2,7,5,1,0,43
1713213215587614552,36,1,1,3,4,0,1,1,0,33
1713213215599666904,36,1,0,3,1,1,1,1,0,7
1713213215609061400,36,1,1,1,3,1,2,1,0,5
1713213215624567953,36,1,1,3,4,1,3,1,0,4
1713213215630431205,36,1,1,2,3,1,4,1,0,17
1713213215644262568,36,1,1,2,3,1,5,1,0,8
1713213215656956851,36,2,1,2,3,1,6,1,1,23
1713213215681074075,36,1,1,3,4,0,1,1,1,94
1713213215694015702,36,1,1,2,3,0,2,1,1,95
1713213215699412594,36,1,1,1,3,0,3,1,1,16
1713213215706568337,36,1,1,3,4,0,4,1,1,3
1713213215714660831,36,1,1,0,3,0,5,1,1,10
1713213215724497186,36,3,1,2,3,0,6,1,2,17
1713213215738249257,37,1,0,4,3,1,0,0,0,7
1713213215751750866,37,1,1,2,3,1,1,0,0,61
1713213215761053230,37,1,1,3,4,1,2,0,0,12
1713213215767802568,37,1,1,1,3,1,3,0,0,13
1713213215774814937,37,1,1,2,3,1,4,0,0,22
1713213215789068376,37,1,1,2,3,1,5,0,0,39
1713213215811541134,37,2,1,3,4,1,6,0,1,16
1713213215823358774,37,1,0,4,3,1,0,0,1,16
1713213215830239743,37,1,1,0,3,1,1,0,1,12
1713213215836777238,37,1,0,3,0,2,1,0,1,4
1713213215842832233,37,1,0,3,1,3,1,0,1,21
1713213215850336923,37,1,1,1,3,3,2,0,1,5
1713213215857581254,37,1,1,2,3,3,3,0,1,38
1713213215863409326,37,1,0,3,1,4,3,0,1,8
1713213215876973681,37,1,1,1,3,4,4,0,1,78
1713213215881027986,37,1,1,1,3,4,5,0,1,9
1713213215886167966,37,3,1,0,3,4,6,0,2,48
1713213215900060565,38,1,0,3,1,1,0,0,0,54
1713213215910100495,38,1,0,3,1,2,0,0,0,31
1713213215919254057,38,1,1,3,4,2,1,0,0,27
1713213215926116719,38,1,1,1,3,2,2,0,0,42
1713213215943860519,38,1,0,4,3,3,2,0,0,36
1713213215950879474,38,1,1,1,3,3,3,0,0,16
1713213215959501102,38,1,1,1,3,3,4,0,0,3
1713213215969974399,38,1,1,1,3,3,5,0,0,44
1713213215987596081,38,1,0,4,3,4,5,0,0,8
1713213215999975539,38,2,1,1,3,4,6,0,1,4
1713213216017467444,38,1,0,3,2,1,0,0,1,58
1713213216022204014,38,1,1,0,3,1,1,0,1,26
1713213216033492255,38,1,1,1,3,1,2,0,1,37
1713213216039784043,38,1,1,0,3,1,3,0,1,16
1713213216047042584,38,1,1,0,3,1,4,0,1,7
1713213216049902071,38,1,1,1,3,1,5,0,1,6
1713213216064089002,38,3,1,0,3,1,6,0,2,69
1713213216070814457,39,1,1,2,3,0,1,0,0,14
1713213216074880839,39,1,1,0,3,0,2,0,0,3
1713213216086085221,39,1,1,2,3,0,3,0,0,8
1713213216105428234,39,1,0,4,3,1,3,0,0,34
1713213216114309012,39,1,1,1,3,1,4,0,0,30
1713213216120504790,39,1,1,0,3,1,5,0,0,19
1713213216137408042,39,2,1,1,3,1,6,0,1,72
1713213216139741219,39,1,1,0,3,0,1,0,1,11
1713213216153351867,39,1,0,3,2,1,1,0,1,81
1713213216161152430,39,1,1,0,3,1,2,0,1,45
1713213216169115356,39,1,1,1,3,1,3,0,1,42
1713213216173199980,39,1,0,3,0,2,3,0,1,4
1713213216178400939,39,1,0,3,2,3,3,0,1,5
1713213216182841740,39,1,1,2,3,3,4,0,1,7
1713213216191680120,39,1,1,1,3,3,5,0,1,26
1713213216198203277,39,3,1,2,3,3,6,0,2,7
1713213216213532295,40,1,1,3,4,0,1,0,0,6
1713213216219840970,40,1,1,2,3,0,2,0,0,7
1713213216227246513,40,1,1,1,3,0,3,0,0,46
1713213216240998285,40,1,1,3,4,0,4,0,0,39
1713213216257052077,40,1,1,3,4,0,5,0,0,6
1713213216268710492,40,2,1,1,3,0,6,0,1,17
1713213216276533364,40,1,1,0,3,0,1,0,1,8
1713213216291337730,40,1,0,4,3,1,1,0,1,72
1713213216308232396,40,1,0,4,3,2,1,0,1,13
1713213216316755971,40,1,0,3,2,3,1,0,1,42
1713213216322452881,40,1,0,3,2,4,1,0,1,7
1713213216326906395,40,1,0,3,0,5,1,0,1,4
1713213216332908644,40,1,1,1,3,5,2,0,1,6
1713213216341821307,40,1,1,2,3,5,3,0,1,31
1713213216351080696,40,2,0,3,2,6,3,1,1,19
1713213216368954368,40,1,1,1,3,0,1,1,1,19
1713213216381621361,40,1,1,3,4,0,2,1,1,6
1713213216387154569,40,1,1,0,3,0,3,1,1,51
1713213216404742257,40,1,0,4,3,1,3,1,1,23
1713213216416919847,40,1,1,3,4,1,4,1,1,27
1713213216436146047,40,1,0,4,3,2,4,1,1,47
1713213216473019143,40,1,0,4,3,3,4,1,1,18
1713213216482526675,40,1,0,3,2,4,4,1,1,11
1713213216498448348,40,1,0,4,3,5,4,1,1,18
1713213216511373629,40,3,0,3,1,6,4,2,1,21
1713213216517791686,41,1,1,1,3,0,1,0,0,21
1713213216528954639,41,1,0,4,3,1,1,0,0,25
1713213216539402085,41,1,1,1,3,1,2,0,0,19
1713213216559959294,41,1,0,4,3,2,2,0,0,13
1713213216573198793,41,1,1,3,4,2,3,0,0,9
1713213216589287017,41,1,1,3,4,2,4,0,0,26
1713213216607414771,41,1,1,3,4,2,5,0,0,11
1713213216616002348,41,1,0,3,0,3,5,0,0,73
1713213216637231436,41,1,0,4,3,4,5,0,0,8
1713213216656592508,41,2,1,3,4,4,6,0,1,56
1713213216670174992,41,1,1,3,4,0,1,0,1,57
1713213216691739653,41,1,0,4,3,1,1,0,1,31
1713213216699145980,41,1,0,3,2,2,1,0,1,18
1713213216713704340,41,1,1,3,4,2,2,0,1,24
1713213216725538799,41,1,0,3,2,3,2,0,1,26
1713213216730848939,41,1,1,2,3,3,3,0,1,10
1713213216741101859,41,1,0,3,2,4,3,0,1,42
1713213216743910200,41,1,0,3,1,5,3,0,1,9
1713213216749640115,41,1,1,1,3,5,4,0,1,15
1713213216759182358,41,1,1,2,3,5,5,0,1,34
1713213216779680172,41,1,1,3,4,5,6,0,1,39
1713213216786173516,41,3,1,0,3,5,7,0,2,40
1713213216796917831,42,1,1,2,3,0,1,0,0,3
1713213216806523069,42,1,1,2,3,0,2,0,0,38
1713213216818474719,42,1,0,4,3,1,2,0,0,38
1713213216825423494,42,1,1,0,3,1,3,0,0,52
1713213216831945482,42,1,1,1,3,1,4,0,0,7
1713213216836408906,42,1,1,1,3,1,5,0,0,8
1713213216853848924,42,2,1,3,4,1,6,0,1,9
1713213216866058189,42,1,1,1,3,0,1,0,1,24
1713213216872426553,42,1,1,0,3,0,2,0,1,25
1713213216879740250,42,1,1,2,3,0,3,0,1,30
1713213216889040297,42,1,1,3,4,0,4,0,1,3
1713213216908532986,42,1,0,4,3,1,4,0,1,41
1713213216918282472,42,1,0,3,2,2,4,0,1,8
1713213216932086089,42,1,0,4,3,3,4,0,1,29
1713213216953272724,42,1,0,4,3,4,4,0,1,12
1713213216966602595,42,1,0,3,1,5,4,0,1,15
1713213216993823770,42,1,1,3,4,5,5,0,1,39
1713213217017767724,42,1,1,3,4,5,6,0,1,18
1713213217040812139,42,3,1,3,4,5,7,0,2,7
1713213217048295078,43,1,1,1,3,0,1,0,0,8
1713213217054687120,43,1,1,0,3,0,2,0,0,7
1713213217061678240,43,1,1,1,3,0,3,0,0,12
1713213217073187455,43,1,1,2,3,0,4,0,0,11
1713213217081626696,43,1,0,3,1,1,4,0,0,31
1713213217091029333,43,1,1,2,3,1,5,0,0,51
1713213217097857920,43,1,0,3,1,2,5,0,0,27
1713213217112170865,43,2,1,1,3,2,6,0,1,53
1713213217162447716,43,1,0,4,3,1,0,0,1,17
1713213217177217484,43,1,1,1,3,1,1,0,1,39
1713213217188542974,43,1,1,1,3,1,2,0,1,18
1713213217203069723,43,1,0,3,2,2,2,0,1,52
1713213217210332601,43,1,1,0,3,2,3,0,1,30
1713213217227712794,43,1,1,3,4,2,4,0,1,3
1713213217244418056,43,1,1,3,4,2,5,0,1,32
1713213217262495263,43,3,1,2,3,2,6,0,2,5
1713213217269272945,44,1,1,2,3,0,1,0,0,18
1713213217277593383,44,1,1,1,3,0,2,0,0,47
1713213217295919034,44,1,1,3,4,0,3,0,0,28
1713213217299939503,44,1,1,0,3,0,4,0,0,7
1713213217309963112,44,1,1,2,3,0,5,0,0,28
1713213217316922151,44,2,1,0,3,0,6,0,1,51
1713213217324757834,44,1,0,3,1,1,0,0,1,19
1713213217342114270,44,1,1,3,4,1,1,0,1,43
1713213217355489638,44,1,1,2,3,1,2,0,1,28
1713213217363537491,44,1,1,3,4,1,3,0,1,3
1713213217375652432,44,1,1,2,3,1,4,0,1,56
1713213217382317954,44,1,0,3,0,2,4,0,1,18
1713213217393438217,44,1,1,1,3,2,5,0,1,44
1713213217408898158,44,1,0,3,2,3,5,0,1,16
1713213217421136877,44,1,0,3,1,4,5,0,1,93
1713213217429332421,44,3,1,2,3,4,6,0,2,5
1713213217433021215,45,1,1,1,3,0,1,0,0,2
1713213217443680694,45,1,0,4,3,1,1,0,0,26
1713213217463025214,45,1,1,1,3,1,2,0,0,60
1713213217473418188,45,1,1,3,4,1,3,0,0,3
1713213217486912991,45,1,1,2,3,1,4,0,0,16
1713213217498293552,45,1,1,3,4,1,5,0,0,33
1713213217507734323,45,2,1,0,3,1,6,0,1,54
1713213217520598228,45,1,1,3,4,0,1,0,1,35
1713213217529280286,45,1,1,2,3,0,2,0,1,6
1713213217539306594,45,1,1,2,3,0,3,0,1,9
1713213217545829140,45,1,1,3,4,0,4,0,1,6
1713213217567469023,45,1,1,3,4,0,5,0,1,45
1713213217573953970,45,3,1,0,3,0,6,0,2,48
1713213217582674722,46,1,1,0,3,0,1,0,0,15
1713213217590864796,46,1,1,0,3,0,2,0,0,70
1713213217599193732,46,1,1,2,3,0,3,0,0,33
1713213217608891029,46,1,1,2,3,0,4,0,0,10
1713213217624554249,46,1,1,3,4,0,5,0,0,59
1713213217630265392,46,1,0,3,1,1,5,0,0,21
1713213217653186495,46,2,1,3,4,1,6,0,1,43
1713213217663324057,46,1,1,0,3,0,1,0,1,8
1713213217689232317,46,1,1,3,4,0,2,0,1,17
1713213217702537486,46,1,1,2,3,0,3,0,1,74
1713213217712381177,46,1,1,2,3,0,4,0,1,15
1713213217722340905,46,1,1,1,3,0,5,0,1,6
1713213217728065061,46,3,1,1,3,0,6,0,2,13
1713213217735837889,47,1,1,0,3,0,1,0,0,12
1713213217746245349,47,1,1,2,3,0,2,0,0,17
1713213217760501812,47,1,0,3,1,1,2,0,0,13
1713213217779715925,47,1,1,2,3,1,3,0,0,13
1713213217795277043,47,1,1,2,3,1,4,0,0,36
1713213217810512301,47,1,0,3,2,2,4,0,0,16
1713213217817041938,47,1,1,0,3,2,5,0,0,18
1713213217830591645,47,1,0,4,3,3,5,0,0,4
1713213217839177497,47,2,1,2,3,3,6,0,1,28
1713213217847975216,47,1,0,3,1,1,0,0,1,48
1713213217855929390,47,1,1,0,3,1,1,0,1,58
1713213217867445323,47,1,1,1,3,1,2,0,1,57
1713213217874940869,47,1,0,3,1,2,2,0,1,49
1713213217892270634,47,1,0,4,3,3,2,0,1,12
1713213217902689651,47,1,1,2,3,3,3,0,1,8
1713213217921706706,47,1,1,3,4,3,4,0,1,25
1713213217935672290,47,1,1,0,3,3,5,0,1,58
1713213217953285025,47,3,1,3,4,3,6,0,2,15
1713213217967236923,48,1,1,2,3,0,1,0,0,44
1713213217983090880,48,1,1,3,4,0,2,0,0,19
1713213217989703706,48,1,1,1,3,0,3,0,0,16
1713213218004065627,48,1,1,0,3,0,4,0,0,65
1713213218020628784,48,1,1,3,4,0,5,0,0,2
1713213218036326998,48,1,0,3,2,1,5,0,0,40
1713213218040417029,48,2,1,0,3,1,6,0,1,12
1713213218049911564,48,1,1,1,3,0,1,0,1,21
1713213218065257593,48,1,0,4,3,1,1,0,1,17
1713213218078635643,48,1,1,3,4,1,2,0,1,5
1713213218092584604,48,1,1,2,3,1,3,0,1,30
1713213218106705036,48,1,1,3,4,1,4,0,1,29
1713213218127943154,48,1,1,3,4,1,5,0,1,56
1713213218136330596,48,1,0,3,0,2,5,0,1,16
1713213218156737808,48,1,0,3,2,3,5,0,1,47
1713213218164462821,48,1,0,3,0,4,5,0,1,10
1713213218169600533,48,3,1,0,3,4,6,0,2,26
1713213218205914231,49,1,1,3,4,0,1,0,0,35
1713213218229543633,49,1,0,4,3,1,1,0,0,11
1713213218241811385,49,1,1,1,3,1,2,0,0,63
1713213218249889786,49,1,1,0,3,1,3,0,0,32
1713213218273824342,49,1,1,3,4,1,4,0,0,63
1713213218288487520,49,1,1,2,3,1,5,0,0,48
1713213218300357014,49,2,1,1,3,1,6,0,1,41
1713213218309945458,49,1,1,1,3,0,1,0,1,40
1713213218338818247,49,1,1,3,4,0,2,0,1,29
1713213218352746917,49,1,0,3,2,1,2,0,1,7
1713213218372580316,49,1,0,3,2,2,2,0,1,26
1713213218387805033,49,1,1,2,3,2,3,0,1,34
1713213218409944316,49,1,0,4,3,3,3,0,1,4
1713213218431141287,49,1,0,3,2,4,3,0,1,21
1713213218455059417,49,1,0,4,3,5,3,0,1,28
1713213218491205524,49,1,1,3,4,5,4,0,1,26
1713213218495507492,49,1,1,1,3,5,5,0,1,3
1713213218510903268,49,1,0,3,1,6,5,0,1,33
1713213218541268293,49,1,1,3,4,6,6,0,1,41
1713213218555567235,49,1,0,3,2,7,6,0,1,57
1713213218570138635,49,2,0,3,2,8,6,1,1,12
1713213218597422523,49,1,1,3,4,0,1,1,1,36
1713213218611343019,49,1,0,3,2,1,1,1,1,42
1713213218635420481,49,1,1,3,4,1,2,1,1,56
1713213218643831338,49,1,0,3,1,2,2,1,1,20
1713213218654732894,49,1,1,1,3,2,3,1,1,42
1713213218668615448,49,1,0,3,1,3,3,1,1,40
1713213218679597432,49,1,1,2,3,3,4,1,1,16
1713213218695546353,49,1,1,2,3,3,5,1,1,7
1713213218710276792,49,3,1,2,3,3,6,1,2,22
1713213218744970625,50,1,1,3,4,0,1,0,0,29
1713213218752639106,50,1,1,2,3,0,2,0,0,12
1713213218769694526,50,1,0,4,3,1,2,0,0,40
1713213218781341286,50,1,1,2,3,1,3,0,0,90
1713213218793327248,50,1,0,3,1,2,3,0,0,26
1713213218802025032,50,1,1,0,3,2,4,0,0,14
1713213218831166551,50,1,0,4,3,3,4,0,0,14
1713213218841680187,50,1,1,1,3,3,5,0,0,32
1713213218846034671,50,2,1,0,3,3,6,0,1,15
1713213218854425727,50,1,1,0,3,0,1,0,1,20
1713213218866648008,50,1,1,2,3,0,2,0,1,9
1713213218876400911,50,1,1,2,3,0,3,0,1,16
1713213218887305725,50,1,1,1,3,0,4,0,1,9
1713213218915046919,50,1,0,4,3,1,4,0,1,67
1713213218941528903,50,1,0,4,3,2,4,0,1,12
1713213218947097435,50,1,1,1,3,2,5,0,1,8
1713213218953712201,50,3,1,0,3,2,6,0,2,21
1713213218957682246,51,1,1,0,3,0,1,0,0,10
1713213218976140515,51,1,1,2,3,0,2,0,0,83
1713213218986942889,51,1,0,3,2,1,2,0,0,17
1713213219005422484,51,1,1,3,4,1,3,0,0,27
1713213219034335754,51,1,1,3,4,1,4,0,0,68
1713213219050533346,51,1,0,4,3,2,4,0,0,42
1713213219070918004,51,1,1,3,4,2,5,0,0,18
1713213219090080736,51,2,1,2,3,2,6,0,1,75
1713213219103115781,51,1,1,1,3,0,1,0,1,82
1713213219115191739,51,1,0,3,2,1,1,0,1,12
1713213219130651721,51,1,1,1,3,1,2,0,1,72
1713213219136348900,51,1,0,3,1,2,2,0,1,6
1713213219150274903,51,1,1,1,3,2,3,0,1,8
1713213219173631556,51,1,0,4,3,3,3,0,1,16
1713213219182077343,51,1,1,2,3,3,4,0,1,4
1713213219187186652,51,1,1,0,3,3,5,0,1,13
1713213219203441916,51,1,0,3,2,4,5,0,1,25
1713213219213512903,51,3,1,1,3,4,6,0,2,25
1713213219225557303,52,1,1,2,3,0,1,0,0,56
1713213219230788896,52,1,0,3,0,1,1,0,0,8
1713213219245447710,52,1,1,3,4,1,2,0,0,66
1713213219258011662,52,1,1,3,4,1,3,0,0,11
1713213219271647657,52,1,1,2,3,1,4,0,0,46
1713213219284152340,52,1,1,1,3,1,5,0,0,5
1713213219294974575,52,1,0,3,1,2,5,0,0,23
1713213219303978654,52,1,0,3,2,3,5,0,0,16
1713213219314521703,52,1,0,3,2,4,5,0,0,9
1713213219354701030,52,2,1,3,4,4,6,0,1,21
1713213219368720874,52,1,0,3,1,1,0,0,1,45
1713213219381020710,52,1,1,2,3,1,1,0,1,15
1713213219399986555,52,1,1,1,3,1,2,0,1,32
1713213219406805732,52,1,1,0,3,1,3,0,1,9
1713213219416280873,52,1,1,1,3,1,4,0,1,2
1713213219429843863,52,1,1,2,3,1,5,0,1,79
1713213219440470000,52,1,0,3,2,2,5,0,1,85
1713213219449557312,52,1,0,3,0,3,5,0,1,8
1713213219456036783,52,3,1,1,3,3,6,0,2,12
1713213219478327551,53,1,0,4,3,1,0,0,0,20
1713213219493197034,53,1,1,1,3,1,1,0,0,18
1713213219502881385,53,1,0,3,2,2,1,0,0,6
1713213219511191927,53,1,1,1,3,2,2,0,0,14
1713213219528133528,53,1,0,4,3,3,2,0,0,4
1713213219538717317,53,1,1,1,3,3,3,0,0,4
1713213219551319532,53,1,0,3,2,4,3,0,0,76
1713213219559766438,53,1,1,0,3,4,4,0,0,46
1713213219564994475,53,1,1,0,3,4,5,0,0,5
1713213219598866251,53,1,0,4,3,5,5,0,0,29
1713213219606882069,53,1,1,2,3,5,6,0,0,29
1713213219632844828,53,2,1,3,4,5,7,0,1,58
1713213219643990626,53,1,1,2,3,0,1,0,1,7
1713213219653730000,53,1,1,3,4,0,2,0,1,4
1713213219662701456,53,1,1,2,3,0,3,0,1,51
1713213219670352291,53,1,1,1,3,0,4,0,1,6
1713213219679870431,53,1,1,0,3,0,5,0,1,37
1713213219689999563,53,3,1,3,4,0,6,0,2,22
1713213219701161301,54,1,1,2,3,0,1,0,0,41
1713213219710181281,54,1,0,3,2,1,1,0,0,9
1713213219739472420,54,1,1,3,4,1,2,0,0,65
1713213219753303800,54,1,1,1,3,1,3,0,0,36
1713213219759708566,54,1,1,1,3,1,4,0,0,35
1713213219773161754,54,1,1,2,3,1,5,0,0,46
1713213219803641536,54,2,1,3,4,1,6,0,1,5
1713213219818967596,54,1,1,2,3,0,1,0,1,80
1713213219833594727,54,1,1,3,4,0,2,0,1,41
1713213219842534663,54,1,1,2,3,0,3,0,1,44
1713213219855420903,54,1,1,1,3,0,4,0,1,87
1713213219865472695,54,1,1,1,3,0,5,0,1,4
1713213219886553704,54,3,1,3,4,0,6,0,2,67
1713213219895049168,55,1,0,3,0,1,0,0,0,37
1713213219903634481,55,1,1,1,3,1,1,0,0,15
1713213219915706495,55,1,1,1,3,1,2,0,0,66
1713213219925944326,55,1,1,1,3,1,3,0,0,9
1713213219937883350,55,1,0,3,1,2,3,0,0,41
1713213219955739752,55,1,1,3,4,2,4,0,0,29
1713213219967531706,55,1,1,0,3,2,5,0,0,50
1713213219989254920,55,2,1,3,4,2,6,0,1,51
1713213220000479022,55,1,0,4,3,1,0,0,1,17
1713213220043788634,55,1,1,3,4,1,1,0,1,9
1713213220054606731,55,1,1,2,3,1,2,0,1,38
1713213220067872355,55,1,1,3,4,1,3,0,1,25
1713213220094447244,55,1,1,3,4,1,4,0,1,16
1713213220105068993,55,1,0,3,2,2,4,0,1,26
1713213220135540984,55,1,1,3,4,2,5,0,1,18
1713213220146895494,55,3,1,2,3,2,6,0,2,13
1713213220173078164,56,1,1,3,4,0,1,0,0,8
1713213220184601453,56,1,1,1,3,0,2,0,0,41
1713213220213136342,56,1,1,3,4,0,3,0,0,40
1713213220228421769,56,1,1,3,4,0,4,0,0,41
1713213220233379980,56,1,1,1,3,0,5,0,0,22
1713213220243591003,56,2,1,1,3,0,6,0,1,11
1713213220278872443,56,1,0,4,3,1,0,0,1,71
1713213220289000959,56,1,1,2,3,1,1,0,1,23
1713213220307159071,56,1,1,3,4,1,2,0,1,54
1713213220314091205,56,1,1,1,3,1,3,0,1,35
1713213220321877377,56,1,0,3,2,2,3,0,1,27
1713213220326959708,56,1,1,1,3,2,4,0,1,21
1713213220341901857,56,1,1,2,3,2,5,0,1,12
1713213220350324219,56,3,1,2,3,2,6,0,2,7
1713213220364457383,57,1,0,3,0,1,0,0,0,41
1713213220389007060,57,1,1,3,4,1,1,0,0,37
1713213220394558983,57,1,1,1,3,1,2,0,0,12
1713213220403900773,57,1,0,4,3,2,2,0,0,8
1713213220420134115,57,1,0,4,3,3,2,0,0,23
1713213220430939399,57,1,1,3,4,3,3,0,0,13
1713213220448567983,57,1,1,3,4,3,4,0,0,30
1713213220474519310,57,1,0,4,3,4,4,0,0,98
1713213220483167059,57,1,1,1,3,4,5,0,0,26
1713213220495652400,57,2,1,1,3,4,6,0,1,83
1713213220504303217,57,1,0,3,2,1,0,0,1,29
1713213220524252271,57,1,0,4,3,2,0,0,1,18
1713213220538915904,57,1,0,4,3,3,0,0,1,29
1713213220555330184,57,1,1,0,3,3,1,0,1,29
1713213220567203765,57,1,0,3,0,4,1,0,1,33
1713213220582907587,57,1,0,4,3,5,1,0,1,10
1713213220597275810,57,1,1,1,3,5,2,0,1,22
1713213220609987542,57,1,1,0,3,5,3,0,1,39
1713213220622195431,57,2,0,4,3,6,3,1,1,5
1713213220630988504,57,1,1,2,3,0,1,1,1,7
1713213220637418473,57,1,0,3,1,1,1,1,1,5
1713213220642980054,57,1,1,0,3,1,2,1,1,11
1713213220682366397,57,1,1,3,4,1,3,1,1,50
1713213220690174646,57,1,1,0,3,1,4,1,1,33
1713213220702638351,57,1,1,3,4,1,5,1,1,12
1713213220735918259,57,3,1,3,4,1,6,1,2,41
1713213220743504369,58,1,0,3,1,1,0,0,0,45
1713213220751726872,58,1,1,0,3,1,1,0,0,19
1713213220767327492,58,1,0,3,2,2,1,0,0,35
1713213220795969548,58,1,0,4,3,3,1,0,0,18
1713213220805446195,58,1,0,3,2,4,1,0,0,5
1713213220818086188,58,1,0,3,1,5,1,0,0,26
1713213220835657469,58,2,0,3,2,6,1,1,0,39
1713213220845068419,58,1,0,3,2,1,0,1,0,62
1713213220873826904,58,1,1,3,4,1,1,1,0,38
1713213220894880926,58,1,1,3,4,1,2,1,0,21
1713213220916773234,58,1,1,3,4,1,3,1,0,60
1713213220928454319,58,1,1,3,4,1,4,1,0,9
1713213220941942208,58,1,1,2,3,1,5,1,0,36
1713213220965688775,58,1,0,4,3,2,5,1,0,30
1713213220988980848,58,1,0,4,3,3,5,1,0,13
1713213221004626024,58,1,0,4,3,4,5,1,0,4
1713213221017272709,58,2,1,1,3,4,6,1,1,20
1713213221026919007,58,1,1,1,3,0,1,1,1,39
1713213221035319930,58,1,0,3,1,1,1,1,1,9
1713213221048059136,58,1,1,1,3,1,2,1,1,31
1713213221074306563,58,1,0,4,3,2,2,1,1,41
1713213221093325979,58,1,0,3,1,3,2,1,1,16
1713213221113916256,58,1,1,3,4,3,3,1,1,26
1713213221128489592,58,1,1,1,3,3,4,1,1,13
1713213221150372751,58,1,1,3,4,3,5,1,1,70
1713213221162498221,58,3,1,2,3,3,6,1,2,3
1713213221169879649,59,1,1,1,3,0,1,0,0,12
1713213221179901232,59,1,1,2,3,0,2,0,0,37
1713213221198252481,59,1,1,1,3,0,3,0,0,34
1713213221209402228,59,1,0,3,2,1,3,0,0,28
1713213221218570070,59,1,0,3,1,2,3,0,0,19
1713213221227356556,59,1,1,1,3,2,4,0,0,25
1713213221240586190,59,1,1,2,3,2,5,0,0,32
1713213221251580322,59,2,1,1,3,2,6,0,1,27
1713213221266500482,59,1,0,3,2,1,0,0,1,35
1713213221275862548,59,1,0,3,2,2,0,0,1,12
1713213221282889648,59,1,1,3,4,2,1,0,1,8
1713213221288858725,59,1,0,3,2,3,1,0,1,38
1713213221310985350,59,1,1,1,3,3,2,0,1,56
1713213221335935585,59,1,0,4,3,4,2,0,1,8
1713213221344154487,59,1,1,0,3,4,3,0,1,28
1713213221361756125,59,1,1,2,3,4,4,0,1,27
1713213221374066838,59,1,1,1,3,4,5,0,1,4
1713213221389276571,59,3,1,2,3,4,6,0,2,59
1713213221401877589,60,1,1,0,3,0,1,0,0,82
1713213221412955867,60,1,0,3,1,1,1,0,0,22
1713213221421624797,60,1,0,3,1,2,1,0,0,23
1713213221426046732,60,1,1,0,3,2,2,0,0,7
1713213221434691198,60,1,1,1,3,2,3,0,0,48
1713213221444310182,60,1,1,2,3,2,4,0,0,59
1713213221448501032,60,1,0,3,0,3,4,0,0,29
1713213221455775539,60,1,1,1,3,3,5,0,0,3
1713213221463040971,60,2,1,0,3,3,6,0,1,36
1713213221476350858,60,1,1,2,3,0,1,0,1,59
1713213221488367530,60,1,1,1,3,0,2,0,1,56
1713213221509248431,60,1,0,4,3,1,2,0,1,40
1713213221525751094,60,1,0,4,3,2,2,0,1,7
1713213221534972016,60,1,1,2,3,2,3,0,1,25
1713213221549791006,60,1,1,2,3,2,4,0,1,4
1713213221574896678,60,1,1,3,4,2,5,0,1,13
1713213221581480533,60,1,0,3,0,3,5,0,1,53
1713213221592053138,60,3,1,2,3,3,6,0,2,37
1713213221615202727,61,1,1,3,4,0,1,0,0,52
1713213221634479118,61,1,1,1,3,0,2,0,0,25
1713213221650306695,61,1,1,2,3,0,3,0,0,78
1713213221657531271,61,1,1,2,3,0,4,0,0,9
1713213221668899246,61,1,0,3,2,1,4,0,0,43
1713213221689210887,61,1,0,4,3,2,4,0,0,14
1713213221708458992,61,1,1,2,3,2,5,0,0,24
1713213221721270926,61,1,0,3,2,3,5,0,0,10
1713213221733167687,61,2,1,0,3,3,6,0,1,62
1713213221742793788,61,1,1,2,3,0,1,0,1,29
1713213221751924749,61,1,1,1,3,0,2,0,1,34
1713213221765192028,61,1,0,3,2,1,2,0,1,8
1713213221779792293,61,1,0,3,1,2,2,0,1,15
1713213221788479096,61,1,1,1,3,2,3,0,1,55
1713213221795723640,61,1,1,1,3,2,4,0,1,6
1713213221802806915,61,1,0,3,1,3,4,0,1,56
1713213221809796949,61,1,1,1,3,3,5,0,1,8
1713213221814361467,61,3,1,2,3,3,6,0,2,11
1713213221820152385,62,1,0,3,2,1,0,0,0,13
1713213221829060711,62,1,1,3,4,1,1,0,0,5
1713213221835883192,62,1,0,3,1,2,1,0,0,45
1713213221844334243,62,1,0,3,0,3,1,0,0,22
1713213221858095477,62,1,0,3,2,4,1,0,0,49
1713213221875430552,62,1,1,0,3,4,2,0,0,35
1713213221895765291,62,1,1,2,3,4,3,0,0,40
1713213221901674059,62,1,0,3,2,5,3,0,0,16
1713213221912074704,62,1,1,3,4,5,4,0,0,8
1713213221922942476,62,1,1,2,3,5,5,0,0,15
1713213221939721699,62,1,0,4,3,6,5,0,0,47
1713213221954968237,62,1,1,1,3,6,6,0,0,59
1713213221966995042,62,1,1,3,4,6,7,0,0,8
1713213221977968554,62,2,1,1,3,6,8,0,1,79
1713213221991811993,62,1,1,2,3,0,1,0,1,4
1713213222000695607,62,1,0,3,0,1,1,0,1,52
1713213222028244104,62,1,0,3,2,2,1,0,1,25
1713213222040449199,62,1,1,2,3,2,2,0,1,53
1713213222047881594,62,1,1,0,3,2,3,0,1,8
1713213222050839450,62,1,1,1,3,2,4,0,1,25
1713213222065255666,62,1,1,1,3,2,5,0,1,90
1713213222079833635,62,3,1,1,3,2,6,0,2,41
1713213222087928213,63,1,0,3,2,1,0,0,0,7
1713213222095344652,63,1,1,1,3,1,1,0,0,13
1713213222098842704,63,1,0,3,1,2,1,0,0,13
1713213222110410093,63,1,1,1,3,2,2,0,0,93
1713213222122238078,63,1,1,2,3,2,3,0,0,32
1713213222128728436,63,1,1,1,3,2,4,0,0,39
1713213222145980232,63,1,1,1,3,2,5,0,0,42
1713213222158506287,63,2,1,2,3,2,6,0,1,17
1713213222168264358,63,1,0,3,2,1,0,0,1,39
1713213222187209323,63,1,1,3,4,1,1,0,1,21
1713213222205511481,63,1,1,1,3,1,2,0,1,46
1713213222220360011,63,1,1,2,3,1,3,0,1,67
1713213222225764727,63,1,0,3,1,2,3,0,1,21
1713213222238183698,63,1,0,4,3,3,3,0,1,8
1713213222250968503,63,1,1,1,3,3,4,0,1,48
1713213222259281650,63,1,0,3,1,4,4,0,1,30
1713213222277650360,63,1,0,3,2,5,4,0,1,9
1713213222284101463,63,1,1,0,3,5,5,0,1,35
1713213222290932641,63,1,1,0,3,5,6,0,1,2
1713213222301684320,63,3,1,3,4,5,7,0,2,21
1713213222318799618,64,1,1,2,3,0,1,0,0,60
1713213222331658877,64,1,1,0,3,0,2,0,0,33
1713213222343895740,64,1,1,2,3,0,3,0,0,24
1713213222354208271,64,1,0,3,2,1,3,0,0,12
1713213222363308938,64,1,1,2,3,1,4,0,0,14
1713213222377202554,64,1,1,3,4,1,5,0,0,33
1713213222386342977,64,2,1,2,3,1,6,0,1,4
1713213222402822591,64,1,1,3,4,0,1,0,1,27
1713213222408131650,64,1,1,1,3,0,2,0,1,38
1713213222418565159,64,1,0,3,2,1,2,0,1,12
1713213222458340147,64,1,1,3,4,1,3,0,1,6
1713213222477572459,64,1,0,3,2,2,3,0,1,28
1713213222496679843,64,1,1,1,3,2,4,0,1,42
1713213222517096274,64,1,0,4,3,3,4,0,1,18
1713213222525067180,64,1,0,3,1,4,4,0,1,17
1713213222539961111,64,1,1,1,3,4,5,0,1,71
1713213222546232745,64,3,1,0,3,4,6,0,2,10
1713213222557408630,65,1,1,2,3,0,1,0,0,15
1713213222567253295,65,1,0,3,2,1,1,0,0,7
1713213222579665139,65,1,1,1,3,1,2,0,0,63
1713213222597142617,65,1,1,3,4,1,3,0,0,6
1713213222610547479,65,1,1,2,3,1,4,0,0,63
1713213222646506450,65,1,1,3,4,1,5,0,0,6
1713213222670423317,65,1,0,3,2,2,5,0,0,18
1713213222680703134,65,2,1,0,3,2,6,0,1,44
1713213222688369169,65,1,1,0,3,0,1,0,1,15
1713213222701375217,65,1,1,2,3,0,2,0,1,4
1713213222717003693,65,1,1,1,3,0,3,0,1,21
1713213222740770311,65,1,1,3,4,0,4,0,1,56
1713213222759279580,65,1,0,4,3,1,4,0,1,26
1713213222784394635,65,1,1,3,4,1,5,0,1,20
1713213222805689006,65,3,1,0,3,1,6,0,2,51
1713213222819172159,66,1,1,3,4,0,1,0,0,16
1713213222829449177,66,1,1,1,3,0,2,0,0,7
1713213222849083676,66,1,1,1,3,0,3,0,0,38
1713213222862667163,66,1,1,1,3,0,4,0,0,49
1713213222872415027,66,1,1,2,3,0,5,0,0,24
1713213222886750353,66,2,1,2,3,0,6,0,1,67
1713213222927388452,66,1,1,3,4,0,1,0,1,72
1713213222935332190,66,1,1,1,3,0,2,0,1,33
1713213222949122616,66,1,1,2,3,0,3,0,1,24
1713213222973584310,66,1,1,3,4,0,4,0,1,21
1713213222992406287,66,1,1,2,3,0,5,0,1,74
1713213222999269288,66,3,1,1,3,0,6,0,2,5
1713213223014591177,67,1,1,3,4,0,1,0,0,8
1713213223036216595,67,1,1,3,4,0,2,0,0,25
1713213223065095886,67,1,1,3,4,0,3,0,0,28
1713213223074404044,67,1,1,1,3,0,4,0,0,59
1713213223090934128,67,1,1,2,3,0,5,0,0,38
1713213223120164033,67,2,1,3,4,0,6,0,1,83
1713213223135265265,67,1,1,3,4,0,1,0,1,24
1713213223142571901,67,1,0,3,0,1,1,0,1,32
1713213223156469981,67,1,0,3,2,2,1,0,1,37
1713213223169223403,67,1,1,0,3,2,2,0,1,47
1713213223175339050,67,1,1,0,3,2,3,0,1,24
1713213223182316640,67,1,0,3,2,3,3,0,1,16
1713213223190298036,67,1,1,0,3,3,4,0,1,32
1713213223197616994,67,1,0,3,1,4,4,0,1,12
1713213223216209701,67,1,0,4,3,5,4,0,1,7
1713213223237431833,67,2,0,4,3,6,4,1,1,14
1713213223242721542,67,1,1,0,3,0,1,1,1,30
1713213223258164781,67,1,1,2,3,0,2,1,1,27
1713213223266526094,67,1,0,3,0,1,2,1,1,15
1713213223275602583,67,1,0,3,2,2,2,1,1,16
1713213223287596170,67,1,0,3,2,3,2,1,1,5
1713213223301274049,67,1,1,1,3,3,3,1,1,67
1713213223314939509,67,1,1,1,3,3,4,1,1,78
1713213223329441264,67,1,1,1,3,3,5,1,1,17
1713213223334656417,67,3,1,2,3,3,6,1,2,12
1713213223340980170,68,1,1,0,3,0,1,0,0,23
1713213223379658070,68,1,0,4,3,1,1,0,0,45
1713213223415072501,68,1,0,4,3,2,1,0,0,12
1713213223444506120,68,1,1,3,4,2,2,0,0,8
1713213223457503496,68,1,1,2,3,2,3,0,0,29
1713213223468537274,68,1,1,2,3,2,4,0,0,32
1713213223480575698,68,1,1,1,3,2,5,0,0,19
1713213223488608960,68,2,1,1,3,2,6,0,1,38
1713213223500075431,68,1,1,2,3,0,1,0,1,39
1713213223510884248,68,1,0,3,1,1,1,0,1,33
1713213223519472622,68,1,0,3,1,2,1,0,1,4
1713213223553398553,68,1,0,4,3,3,1,0,1,19
1713213223573760394,68,1,1,1,3,3,2,0,1,55
1713213223585265368,68,1,1,2,3,3,3,0,1,40
1713213223598336437,68,1,0,3,0,4,3,0,1,20
1713213223640817553,68,1,1,3,4,4,4,0,1,6
1713213223667958617,68,1,1,3,4,4,5,0,1,13
1713213223686005301,68,3,1,1,3,4,6,0,2,38
1713213223739018164,69,1,0,4,3,1,0,0,0,42
1713213223750040840,69,1,1,0,3,1,1,0,0,6
1713213223768321450,69,1,1,2,3,1,2,0,0,17
1713213223793375545,69,1,1,2,3,1,3,0,0,6
1713213223806062231,69,1,1,1,3,1,4,0,0,41
1713213223815295896,69,1,1,1,3,1,5,0,0,8
1713213223830402590,69,2,1,2,3,1,6,0,1,63
1713213223838527734,69,1,0,3,1,1,0,0,1,21
1713213223853352757,69,1,0,4,3,2,0,0,1,4
1713213223872195372,69,1,0,3,2,3,0,0,1,21
1713213223891597599,69,1,0,3,2,4,0,0,1,26
1713213223912245252,69,1,1,2,3,4,1,0,1,32
1713213223926808573,69,1,1,2,3,4,2,0,1,15
1713213223943057278,69,1,0,3,2,5,2,0,1,17
1713213223957657446,69,2,0,3,0,6,2,1,1,68
1713213223978573636,69,1,0,3,2,1,0,1,1,53
1713213223988442980,69,1,0,3,2,2,0,1,1,12
1713213224003026724,69,1,0,3,1,3,0,1,1,9
1713213224016530013,69,1,0,3,2,4,0,1,1,14
1713213224022913899,69,1,1,1,3,4,1,1,1,6
1713213224040507824,69,1,1,3,4,4,2,1,1,13
1713213224051023690,69,1,1,1,3,4,3,1,1,54
1713213224061162102,69,1,1,3,4,4,4,1,1,3
1713213224071992548,69,1,1,2,3,4,5,1,1,30
1713213224088191177,69,3,1,3,4,4,6,1,2,13
1713213224097313503,70,1,1,1,3,0,1,0,0,40
1713213224121291466,70,1,0,4,3,1,1,0,0,30
1713213224132654617,70,1,1,0,3,1,2,0,0,16
1713213224153141965,70,1,0,3,2,2,2,0,0,58
1713213224166174618,70,1,0,3,2,3,2,0,0,29
1713213224174623709,70,1,1,0,3,3,3,0,0,39
1713213224185739199,70,1,0,3,1,4,3,0,0,25
1713213224199386112,70,1,0,3,1,5,3,0,0,56
1713213224210763637,70,2,0,3,1,6,3,1,0,51
1713213224242211270,70,1,1,1,3,0,1,1,0,17
1713213224256205103,70,1,1,1,3,0,2,1,0,78
1713213224270543768,70,1,0,3,2,1,2,1,0,22
1713213224281454346,70,1,1,0,3,1,3,1,0,8
1713213224300257260,70,1,1,1,3,1,4,1,0,71
1713213224313670581,70,1,0,3,1,2,4,1,0,67
1713213224321686428,70,1,1,0,3,2,5,1,0,5
1713213224354122327,70,2,1,3,4,2,6,1,1,16
1713213224367800687,70,1,1,1,3,0,1,1,1,31
1713213224381641287,70,1,1,1,3,0,2,1,1,46
1713213224399774048,70,1,0,3,2,1,2,1,1,32
1713213224433759847,70,1,1,3,4,1,3,1,1,40
1713213224453143540,70,1,0,3,0,2,3,1,1,78
1713213224501451766,70,1,1,3,4,2,4,1,1,64
1713213224519820526,70,1,1,2,3,2,5,1,1,27
1713213224530824028,70,3,1,2,3,2,6,1,2,10
1713213224546180730,71,1,1,1,3,0,1,0,0,41
1713213224559971237,71,1,1,0,3,0,2,0,0,40
1713213224564355073,71,1,0,3,0,1,2,0,0,10
1713213224574654537,71,1,1,2,3,1,3,0,0,4
1713213224596501879,71,1,0,3,2,2,3,0,0,44
1713213224649075300,71,1,1,3,4,2,4,0,0,130
1713213224681698482,71,1,1,1,3,2,5,0,0,105
1713213224694327405,71,2,1,1,3,2,6,0,1,62
1713213224708550110,71,1,1,1,3,0,1,0,1,43
1713213224726670210,71,1,1,0,3,0,2,0,1,78
1713213224736255318,71,1,1,2,3,0,3,0,1,11
1713213224765436374,71,1,1,3,4,0,4,0,1,78
1713213224772050661,71,1,1,1,3,0,5,0,1,11
1713213224786275634,71,1,0,3,2,1,5,0,1,69
1713213224801696547,71,3,1,2,3,1,6,0,2,55
1713213224808307690,72,1,0,3,2,1,0,0,0,5
1713213224826115364,72,1,1,0,3,1,1,0,0,113
1713213224854151200,72,1,1,3,4,1,2,0,0,62
1713213224866459210,72,1,0,4,3,2,2,0,0,28
1713213224885145460,72,1,1,2,3,2,3,0,0,74
1713213224895884918,72,1,1,2,3,2,4,0,0,35
1713213224912944307,72,1,1,2,3,2,5,0,0,62
1713213224924081477,72,2,1,2,3,2,6,0,1,17
1713213224937882796,72,1,0,3,1,1,0,0,1,21
1713213224947442611,72,1,1,0,3,1,1,0,1,7
1713213224959154320,72,1,1,2,3,1,2,0,1,56
1713213224969889135,72,1,0,3,2,2,2,0,1,54
1713213224978411792,72,1,1,2,3,2,3,0,1,2
1713213224988207084,72,1,1,1,3,2,4,0,1,19
1713213225008020866,72,1,1,2,3,2,5,0,1,118
1713213225023294802,72,3,1,1,3,2,6,0,2,43
1713213225030340763,73,1,1,2,3,0,1,0,0,2
1713213225067946180,73,1,0,4,3,1,1,0,0,44
1713213225075600356,73,1,1,0,3,1,2,0,0,12
1713213225086228869,73,1,1,0,3,1,3,0,0,53
1713213225100798405,73,1,1,2,3,1,4,0,0,78
1713213225113902520,73,1,0,3,1,2,4,0,0,30
1713213225139377413,73,1,1,3,4,2,5,0,0,22
1713213225144637009,73,2,1,2,3,2,6,0,1,7
1713213225149117914,73,1,1,1,3,0,1,0,1,12
1713213225156535748,73,1,1,2,3,0,2,0,1,15
1713213225170985120,73,1,1,1,3,0,3,0,1,4
1713213225180340598,73,1,1,1,3,0,4,0,1,13
1713213225206990776,73,1,1,3,4,0,5,0,1,26
1713213225222179931,73,3,1,2,3,0,6,0,2,5
1713213225256538239,74,1,0,4,3,1,0,0,0,45
1713213225271187089,74,1,0,3,1,2,0,0,0,6
1713213225282300079,74,1,1,1,3,2,1,0,0,16
1713213225298546746,74,1,0,4,3,3,1,0,0,10
1713213225301922626,74,1,0,3,0,4,1,0,0,15
1713213225309991208,74,1,1,2,3,4,2,0,0,27
1713213225317759305,74,1,1,1,3,4,3,0,0,38
1713213225366729118,74,1,1,3,4,4,4,0,0,23
1713213225380462377,74,1,1,1,3,4,5,0,0,6
1713213225394971961,74,1,0,3,1,5,5,0,0,16
1713213225434582551,74,1,1,3,4,5,6,0,0,74
1713213225445308815,74,2,1,1,3,5,7,0,1,69
1713213225463339925,74,1,1,3,4,0,1,0,1,40
1713213225475673356,74,1,1,1,3,0,2,0,1,83
1713213225494511911,74,1,1,3,4,0,3,0,1,18
1713213225506670053,74,1,0,3,0,1,3,0,1,6
1713213225518543114,74,1,1,1,3,1,4,0,1,32
1713213225580292825,74,1,1,3,4,1,5,0,1,9
1713213225597958332,74,3,1,1,3,1,6,0,2,48
1713213225608489113,75,1,0,3,2,1,0,0,0,20
1713213225634653196,75,1,1,2,3,1,1,0,0,76
1713213225651873432,75,1,1,2,3,1,2,0,0,79
1713213225681230220,75,1,0,4,3,2,2,0,0,13
1713213225689844129,75,1,1,3,4,2,3,0,0,21
1713213225699090735,75,1,1,1,3,2,4,0,0,34
1713213225718125749,75,1,1,1,3,2,5,0,0,91
1713213225746215593,75,2,1,3,4,2,6,0,1,18
1713213225759468261,75,1,1,2,3,0,1,0,1,15
1713213225769427622,75,1,1,0,3,0,2,0,1,24
1713213225783779054,75,1,1,2,3,0,3,0,1,51
1713213225799911779,75,1,0,3,2,1,3,0,1,73
1713213225805339270,75,1,1,1,3,1,4,0,1,5
1713213225814503217,75,1,0,3,1,2,4,0,1,5
1713213225833441295,75,1,0,3,1,3,4,0,1,18
1713213225860641335,75,1,1,3,4,3,5,0,1,68
1713213225865497167,75,3,1,1,3,3,6,0,2,27
1713213225877692669,76,1,1,1,3,0,1,0,0,76
1713213225895135367,76,1,1,3,4,0,2,0,0,9
1713213225910057811,76,1,1,2,3,0,3,0,0,12
1713213225920825015,76,1,0,4,3,1,3,0,0,12
1713213225932070388,76,1,1,0,3,1,4,0,0,36
1713213225947573681,76,1,0,3,2,2,4,0,0,4
1713213225961599031,76,1,0,3,2,3,4,0,0,19
1713213225971341170,76,1,1,1,3,3,5,0,0,3
1713213225987758474,76,2,1,2,3,3,6,0,1,50
1713213226014058184,76,1,1,3,4,0,1,0,1,29
1713213226024401607,76,1,1,2,3,0,2,0,1,24
1713213226072021904,76,1,1,3,4,0,3,0,1,9
1713213226082971770,76,1,0,3,2,1,3,0,1,29
1713213226094232998,76,1,0,3,1,2,3,0,1,62
1713213226105498500,76,1,1,0,3,2,4,0,1,12
1713213226111490927,76,1,0,3,0,3,4,0,1,8
1713213226182288408,76,1,0,4,3,4,4,0,1,7
1713213226198239272,76,1,0,3,2,5,4,0,1,28
1713213226212047356,76,1,1,1,3,5,5,0,1,6
1713213226221290207,76,1,0,3,2,6,5,0,1,10
1713213226245310615,76,1,1,0,3,6,6,0,1,30
1713213226263682174,76,1,1,1,3,6,7,0,1,81
1713213226274355822,76,1,0,3,1,7,7,0,1,37
1713213226320546183,76,1,1,3,4,7,8,0,1,71
1713213226361356537,76,1,0,4,3,8,8,0,1,55
1713213226371967431,76,3,1,1,3,8,9,0,2,55
1713213226392302518,77,1,0,3,1,1,0,0,0,41
1713213226406659971,77,1,1,1,3,1,1,0,0,39
1713213226423599954,77,1,0,3,2,2,1,0,0,29
1713213226438973503,77,1,1,0,3,2,2,0,0,87
1713213226462231775,77,1,1,2,3,2,3,0,0,22
1713213226469712862,77,1,1,1,3,2,4,0,0,19
1713213226492679856,77,1,1,3,4,2,5,0,0,12
1713213226503420661,77,2,1,1,3,2,6,0,1,5
1713213226510645786,77,1,1,1,3,0,1,0,1,10
1713213226526420253,77,1,1,2,3,0,2,0,1,29
1713213226535573540,77,1,0,3,1,1,2,0,1,29
1713213226545945359,77,1,1,2,3,1,3,0,1,15
1713213226563098836,77,1,0,3,2,2,3,0,1,35
1713213226573032274,77,1,0,3,0,3,3,0,1,68
1713213226583007074,77,1,0,3,1,4,3,0,1,5
1713213226607051240,77,1,1,3,4,4,4,0,1,43
1713213226632263430,77,1,0,4,3,5,4,0,1,31
1713213226665091868,77,1,1,3,4,5,5,0,1,43
1713213226679940930,77,1,1,2,3,5,6,0,1,4
1713213226706713418,77,1,0,4,3,6,6,0,1,28
1713213226723414207,77,1,1,3,4,6,7,0,1,42
1713213226738480430,77,3,1,2,3,6,8,0,2,17
1713213226746883096,78,1,1,0,3,0,1,0,0,24
1713213226766519183,78,1,0,4,3,1,1,0,0,4
1713213226776088499,78,1,0,3,0,2,1,0,0,37
1713213226781495773,78,1,0,3,2,3,1,0,0,20
1713213226790840111,78,1,1,2,3,3,2,0,0,6
1713213226801722026,78,1,1,2,3,3,3,0,0,5
1713213226821335541,78,1,1,3,4,3,4,0,0,34
1713213226831184847,78,1,1,1,3,3,5,0,0,19
1713213226848420665,78,2,1,2,3,3,6,0,1,68
1713213226854917924,78,1,1,0,3,0,1,0,1,13
1713213226868441405,78,1,1,0,3,0,2,0,1,6
1713213226878777484,78,1,1,0,3,0,3,0,1,13
1713213226895756589,78,1,1,0,3,0,4,0,1,60
1713213226910147538,78,1,1,2,3,0,5,0,1,39
1713213226934701346,78,3,1,3,4,0,6,0,2,20
1713213226951941473,79,1,1,2,3,0,1,0,0,87
1713213226972960679,79,1,0,3,1,1,1,0,0,37
1713213226978567924,79,1,0,3,1,2,1,0,0,14
1713213226993334754,79,1,1,1,3,2,2,0,0,4
1713213226999349726,79,1,1,0,3,2,3,0,0,3
1713213227017942942,79,1,1,2,3,2,4,0,0,26
1713213227033277951,79,1,1,2,3,2,5,0,0,43
1713213227074828881,79,1,0,4,3,3,5,0,0,15
1713213227080461883,79,1,0,3,1,4,5,0,0,16
1713213227086680077,79,2,1,1,3,4,6,0,1,34
1713213227098466474,79,1,1,1,3,0,1,0,1,33
1713213227107661418,79,1,1,0,3,0,2,0,1,12
1713213227127421279,79,1,0,4,3,1,2,0,1,6
1713213227154624523,79,1,1,3,4,1,3,0,1,24
1713213227171180883,79,1,1,1,3,1,4,0,1,25
1713213227181333722,79,1,1,1,3,1,5,0,1,8
1713213227191905155,79,1,0,3,1,2,5,0,1,54
1713213227200562209,79,3,1,1,3,2,6,0,2,62
1713213227223378336,80,1,1,3,4,0,1,0,0,11
1713213227238538195,80,1,0,3,2,1,1,0,0,45
1713213227248447733,80,1,1,1,3,1,2,0,0,21
1713213227264126722,80,1,1,2,3,1,3,0,0,38
1713213227282690717,80,1,0,3,1,2,3,0,0,50
1713213227298760370,80,1,1,1,3,2,4,0,0,34
1713213227317414853,80,1,1,3,4,2,5,0,0,3
1713213227328464361,80,2,1,1,3,2,6,0,1,58
1713213227339030186,80,1,0,3,1,1,0,0,1,36
1713213227350570020,80,1,1,3,4,1,1,0,1,24
1713213227370261685,80,1,0,4,3,2,1,0,1,8
1713213227382799376,80,1,0,4,3,3,1,0,1,11
1713213227426562454,80,1,1,3,4,3,2,0,1,7
1713213227435129360,80,1,0,3,1,4,2,0,1,41
1713213227441299950,80,1,1,0,3,4,3,0,1,5
1713213227458190794,80,1,1,1,3,4,4,0,1,70
1713213227476340364,80,1,1,1,3,4,5,0,1,37
1713213227488166501,80,1,0,3,2,5,5,0,1,13
1713213227499817543,80,1,1,1,3,5,6,0,1,83
1713213227518266822,80,1,0,3,2,6,6,0,1,7
1713213227537232693,80,1,1,2,3,6,7,0,1,7
1713213227550479304,80,1,0,4,3,7,7,0,1,7
1713213227566150782,80,1,0,4,3,8,7,0,1,12
1713213227571931441,80,1,1,0,3,8,8,0,1,10
1713213227581054060,80,2,0,3,1,9,8,1,1,18
1713213227595367922,80,1,1,2,3,0,1,1,1,12
1713213227609065094,80,1,0,3,2,1,1,1,1,12
1713213227615788361,80,1,1,1,3,1,2,1,1,10
1713213227650164258,80,1,1,3,4,1,3,1,1,41
1713213227664170284,80,1,1,2,3,1,4,1,1,34
1713213227670944940,80,1,1,1,3,1,5,1,1,7
1713213227683607241,80,3,1,2,3,1,6,1,2,10
1713213227696102088,81,1,1,2,3,0,1,0,0,19
1713213227706434610,81,1,0,3,2,1,1,0,0,17
1713213227710809649,81,1,1,1,3,1,2,0,0,25
1713213227727382645,81,1,1,3,4,1,3,0,0,22
1713213227733068775,81,1,1,1,3,1,4,0,0,9
1713213227750350083,81,1,1,3,4,1,5,0,0,48
1713213227769549831,81,1,0,4,3,2,5,0,0,12
1713213227776575233,81,2,1,2,3,2,6,0,1,24
1713213227784105536,81,1,1,1,3,0,1,0,1,7
1713213227793889094,81,1,1,1,3,0,2,0,1,40
1713213227812953003,81,1,0,4,3,1,2,0,1,50
1713213227820248135,81,1,0,3,1,2,2,0,1,9
1713213227836953083,81,1,1,2,3,2,3,0,1,25
1713213227851677138,81,1,0,4,3,3,3,0,1,11
1713213227862708842,81,1,1,2,3,3,4,0,1,33
1713213227875280643,81,1,1,1,3,3,5,0,1,38
1713213227887383409,81,3,1,2,3,3,6,0,2,81
1713213227900065246,82,1,1,3,4,0,1,0,0,14
1713213227912518908,82,1,0,3,1,1,1,0,0,14
1713213227929328576,82,1,1,3,4,1,2,0,0,12
1713213227935683305,82,1,0,3,0,2,2,0,0,30
1713213227950091212,82,1,1,2,3,2,3,0,0,14
1713213227972203585,82,1,1,3,4,2,4,0,0,33
1713213227985231780,82,1,1,2,3,2,5,0,0,16
1713213228006318420,82,2,1,3,4,2,6,0,1,25
1713213228033138344,82,1,1,3,4,0,1,0,1,52
1713213228066682793,82,1,1,3,4,0,2,0,1,73
1713213228079124252,82,1,1,0,3,0,3,0,1,26
1713213228093839596,82,1,1,2,3,0,4,0,1,49
1713213228105456318,82,1,1,1,3,0,5,0,1,22
1713213228124309627,82,3,1,2,3,0,6,0,2,5
1713213228132863240,83,1,1,0,3,0,1,0,0,36
1713213228153690245,83,1,1,3,4,0,2,0,0,11
1713213228170115536,83,1,1,2,3,0,3,0,0,48
1713213228179682707,83,1,1,1,3,0,4,0,0,15
1713213228206349547,83,1,0,4,3,1,4,0,0,21
1713213228236205977,83,1,0,4,3,2,4,0,0,14
1713213228247739113,83,1,1,1,3,2,5,0,0,8
1713213228255256831,83,1,0,3,1,3,5,0,0,6
1713213228280769776,83,2,1,3,4,3,6,0,1,68
1713213228297520894,83,1,1,2,3,0,1,0,1,49
1713213228318756510,83,1,1,3,4,0,2,0,1,32
1713213228327205418,83,1,0,3,0,1,2,0,1,28
1713213228337610360,83,1,1,1,3,1,3,0,1,4
1713213228367654657,83,1,1,3,4,1,4,0,1,5
1713213228386372954,83,1,1,0,3,1,5,0,1,76
1713213228390019239,83,3,1,0,3,1,6,0,2,3
1713213228396776968,84,1,1,1,3,0,1,0,0,10
1713213228406749695,84,1,1,1,3,0,2,0,0,19
1713213228430225742,84,1,1,3,4,0,3,0,0,26
1713213228443698387,84,1,1,1,3,0,4,0,0,17
1713213228461140393,84,1,1,1,3,0,5,0,0,8
1713213228474106229,84,2,1,3,4,0,6,0,1,53
1713213228485885935,84,1,0,3,2,1,0,0,1,21
1713213228499328778,84,1,0,3,1,2,0,0,1,22
1713213228518502769,84,1,1,1,3,2,1,0,1,70
1713213228532419102,84,1,1,1,3,2,2,0,1,9
1713213228543657358,84,1,1,0,3,2,3,0,1,8
1713213228556749350,84,1,1,2,3,2,4,0,1,33
1713213228565175837,84,1,0,3,2,3,4,0,1,9
1713213228588681753,84,1,0,4,3,4,4,0,1,4
1713213228602701859,84,1,1,0,3,4,5,0,1,100
1713213228611361809,84,3,1,1,3,4,6,0,2,55
1713213228620876142,85,1,0,3,2,1,0,0,0,33
1713213228644703287,85,1,0,4,3,2,0,0,0,90
1713213228651646423,85,1,1,0,3,2,1,0,0,58
1713213228663286974,85,1,1,1,3,2,2,0,0,43
1713213228674924049,85,1,0,3,2,3,2,0,0,17
1713213228700420122,85,1,0,4,3,4,2,0,0,16
1713213228710591198,85,1,0,3,1,5,2,0,0,7
1713213228725719479,85,2,0,3,1,6,2,1,0,12
1713213228748505689,85,1,1,3,4,0,1,1,0,122
1713213228760899901,85,1,0,3,0,1,1,1,0,24
1713213228772511246,85,1,1,3,4,1,2,1,0,28
1713213228778243962,85,1,1,1,3,1,3,1,0,5
1713213228789830624,85,1,1,0,3,1,4,1,0,34
1713213228808908082,85,1,1,1,3,1,5,1,0,41
1713213228830534208,85,1,0,4,3,2,5,1,0,23
1713213228845838163,85,1,0,3,1,3,5,1,0,38
1713213228870398202,85,2,1,1,3,3,6,1,1,38
1713213228879031312,85,1,1,1,3,0,1,1,1,27
1713213228925066741,85,1,1,3,4,0,2,1,1,38
1713213228942715794,85,1,0,3,2,1,2,1,1,22
1713213228970793726,85,1,1,3,4,1,3,1,1,58
1713213228985940887,85,1,0,3,0,2,3,1,1,30
1713213228998000567,85,1,1,1,3,2,4,1,1,20
1713213229008713583,85,1,1,0,3,2,5,1,1,45
1713213229032406043,85,3,1,3,4,2,6,1,2,28
1713213229047634642,86,1,1,2,3,0,1,0,0,61
1713213229051744284,86,1,1,0,3,0,2,0,0,16
1713213229061720319,86,1,1,3,4,0,3,0,0,19
1713213229068105360,86,1,0,3,0,1,3,0,0,5
1713213229081884664,86,1,0,3,2,2,3,0,0,10
1713213229097918276,86,1,0,3,2,3,3,0,0,37
1713213229104590568,86,1,0,3,1,4,3,0,0,8
1713213229117412869,86,1,0,3,1,5,3,0,0,17
1713213229129971062,86,1,1,0,3,5,4,0,0,69
1713213229144495456,86,1,1,2,3,5,5,0,0,26
1713213229178876770,86,1,1,3,4,5,6,0,0,59
1713213229186943775,86,1,0,3,1,6,6,0,0,15
1713213229195874854,86,1,1,2,3,6,7,0,0,13
1713213229209696472,86,2,1,2,3,6,8,0,1,54
1713213229220206779,86,1,0,4,3,1,0,0,1,12
1713213229243616826,86,1,1,2,3,1,1,0,1,62
1713213229255199831,86,1,1,2,3,1,2,0,1,63
1713213229272866212,86,1,0,4,3,2,2,0,1,65
1713213229291796317,86,1,1,3,4,2,3,0,1,73
1713213229301994092,86,1,0,3,2,3,3,0,1,33
1713213229317190702,86,1,1,2,3,3,4,0,1,45
1713213229330262867,86,1,0,3,2,4,4,0,1,11
1713213229337241031,86,1,1,1,3,4,5,0,1,11
1713213229352543410,86,3,1,2,3,4,6,0,2,20
1713213229363262969,87,1,1,2,3,0,1,0,0,11
1713213229374191857,87,1,0,3,2,1,1,0,0,7
1713213229411477331,87,1,1,3,4,1,2,0,0,15
1713213229418836819,87,1,0,3,0,2,2,0,0,15
1713213229436149081,87,1,1,2,3,2,3,0,0,13
1713213229457427554,87,1,0,4,3,3,3,0,0,25
1713213229460965726,87,1,0,3,0,4,3,0,0,20
1713213229470851749,87,1,0,3,1,5,3,0,0,69
1713213229494370133,87,1,1,3,4,5,4,0,0,29
1713213229524440471,87,1,1,3,4,5,5,0,0,42
1713213229534910258,87,1,1,1,3,5,6,0,0,7
1713213229552066816,87,2,1,1,3,5,7,0,1,44
1713213229557957755,87,1,0,3,0,1,0,0,1,6
1713213229565937279,87,1,1,0,3,1,1,0,1,14
1713213229584496178,87,1,0,4,3,2,1,0,1,6
1713213229599394202,87,1,1,1,3,2,2,0,1,46
1713213229613468898,87,1,1,2,3,2,3,0,1,5
1713213229630272357,87,1,1,3,4,2,4,0,1,14
1713213229642944279,87,1,0,3,2,3,4,0,1,42
1713213229653325113,87,1,1,0,3,3,5,0,1,50
1713213229659754408,87,1,0,3,1,4,5,0,1,6
1713213229674308816,87,3,1,1,3,4,6,0,2,8
1713213229683583627,88,1,0,3,0,1,0,0,0,26
1713213229689847198,88,1,1,1,3,1,1,0,0,16
1713213229705633215,88,1,1,1,3,1,2,0,0,33
1713213229721023694,88,1,0,3,2,2,2,0,0,19
1713213229732398245,88,1,0,3,1,3,2,0,0,36
1713213229755929937,88,1,1,1,3,3,3,0,0,16
1713213229765228163,88,1,0,3,1,4,3,0,0,20
1713213229781814510,88,1,1,2,3,4,4,0,0,66
1713213229795932760,88,1,1,1,3,4,5,0,0,41
1713213229807213412,88,1,0,3,1,5,5,0,0,9
1713213229814886711,88,1,0,3,1,6,5,0,0,4
1713213229822457883,88,1,1,1,3,6,6,0,0,22
1713213229847512001,88,1,1,3,4,6,7,0,0,75
1713213229857895962,88,2,1,1,3,6,8,0,1,8
1713213229876134135,88,1,0,4,3,1,0,0,1,48
1713213229881755485,88,1,0,3,0,2,0,0,1,21
1713213229895214418,88,1,1,2,3,2,1,0,1,13
1713213229908212900,88,1,1,0,3,2,2,0,1,28
1713213229920464878,88,1,1,2,3,2,3,0,1,43
1713213229931022317,88,1,1,2,3,2,4,0,1,26
1713213229954607948,88,1,0,4,3,3,4,0,1,4
1713213229978415734,88,1,0,4,3,4,4,0,1,23
1713213229988914281,88,1,1,1,3,4,5,0,1,47
1713213230003163386,88,3,1,1,3,4,6,0,2,52
1713213230012875486,89,1,0,3,2,1,0,0,0,8
1713213230030234498,89,1,1,2,3,1,1,0,0,54
1713213230041508080,89,1,0,3,0,2,1,0,0,12
1713213230048261271,89,1,1,1,3,2,2,0,0,16
1713213230071108365,89,1,0,4,3,3,2,0,0,40
1713213230079125883,89,1,0,3,2,4,2,0,0,21
1713213230092904317,89,1,1,3,4,4,3,0,0,19
1713213230104268595,89,1,1,2,3,4,4,0,0,10
1713213230130901888,89,1,0,4,3,5,4,0,0,20
1713213230136647046,89,2,0,3,0,6,4,1,0,9
1713213230154339562,89,1,0,3,1,1,0,1,0,48
1713213230163950533,89,1,1,1,3,1,1,1,0,10
1713213230177255373,89,1,1,2,3,1,2,1,0,57
1713213230190665030,89,1,0,3,2,2,2,1,0,5
1713213230195779476,89,1,1,2,3,2,3,1,0,5
1713213230210341416,89,1,1,3,4,2,4,1,0,12
1713213230232209617,89,1,1,3,4,2,5,1,0,55
1713213230239665934,89,2,1,0,3,2,6,1,1,10
1713213230248481158,89,1,1,2,3,0,1,1,1,39
1713213230254097954,89,1,1,2,3,0,2,1,1,10
1713213230261770425,89,1,0,3,2,1,2,1,1,26
1713213230277175374,89,1,1,2,3,1,3,1,1,38
1713213230289778422,89,1,0,3,1,2,3,1,1,18
1713213230308224879,89,1,1,0,3,2,4,1,1,54
1713213230321007019,89,1,1,2,3,2,5,1,1,5
1713213230333962712,89,3,1,3,4,2,6,1,2,34
1713213230339258003,90,1,0,3,1,1,0,0,0,8
1713213230366694562,90,1,1,3,4,1,1,0,0,90
1713213230376598523,90,1,0,3,1,2,1,0,0,64
1713213230391176120,90,1,1,2,3,2,2,0,0,42
1713213230407059938,90,1,1,3,4,2,3,0,0,51
1713213230413629079,90,1,1,1,3,2,4,0,0,28
1713213230423232590,90,1,0,3,1,3,4,0,0,16
1713213230428764988,90,1,1,1,3,3,5,0,0,8
1713213230439729184,90,1,0,3,1,4,5,0,0,20
1713213230451803653,90,1,0,3,2,5,5,0,0,7
1713213230458412386,90,1,0,3,1,6,5,0,0,12
1713213230471005069,90,1,1,1,3,6,6,0,0,16
1713213230476557051,90,1,0,3,1,7,6,0,0,10
1713213230493003816,90,1,1,3,4,7,7,0,0,38
1713213230504384981,90,1,1,1,3,7,8,0,0,7
1713213230513193391,90,2,1,0,3,7,9,0,1,22
1713213230524523496,90,1,0,3,2,1,0,0,1,18
1713213230533283208,90,1,1,3,4,1,1,0,1,8
1713213230552149910,90,1,1,3,4,1,2,0,1,9
1713213230560603743,90,1,1,2,3,1,3,0,1,12
1713213230572998487,90,1,1,1,3,1,4,0,1,51
1713213230581709033,90,1,1,2,3,1,5,0,1,8
1713213230591852838,90,1,0,3,2,2,5,0,1,18
1713213230597194411,90,1,0,3,1,3,5,0,1,9
1713213230606857880,90,3,1,1,3,3,6,0,2,51
1713213230621100522,91,1,1,2,3,0,1,0,0,66
1713213230638214970,91,1,1,2,3,0,2,0,0,61
1713213230654101799,91,1,1,2,3,0,3,0,0,18
1713213230663640382,91,1,1,0,3,0,4,0,0,33
1713213230686207030,91,1,0,3,0,1,4,0,0,33
1713213230698147842,91,1,0,4,3,2,4,0,0,20
1713213230715947985,91,1,0,4,3,3,4,0,0,11
1713213230723922240,91,1,0,3,1,4,4,0,0,4
1713213230756681107,91,1,1,3,4,4,5,0,0,68
1713213230768099934,91,2,1,2,3,4,6,0,1,7
1713213230793222039,91,1,1,3,4,0,1,0,1,14
1713213230806519173,91,1,1,2,3,0,2,0,1,7
1713213230824010859,91,1,1,3,4,0,3,0,1,4
1713213230835768619,91,1,0,3,2,1,3,0,1,4
1713213230847258838,91,1,0,3,1,2,3,0,1,7
1713213230861006758,91,1,1,2,3,2,4,0,1,61
1713213230871960437,91,1,0,3,2,3,4,0,1,23
1713213230890355548,91,1,1,2,3,3,5,0,1,133
1713213230899474914,91,3,1,1,3,3,6,0,2,56
1713213230912648061,92,1,1,2,3,0,1,0,0,45
1713213230919228261,92,1,1,1,3,0,2,0,0,12
1713213230942794459,92,1,0,4,3,1,2,0,0,20
1713213230952230309,92,1,1,1,3,1,3,0,0,12
1713213230960631038,92,1,1,1,3,1,4,0,0,29
1713213230969599067,92,1,1,2,3,1,5,0,0,12
1713213230988779395,92,2,1,3,4,1,6,0,1,33
1713213230996408218,92,1,1,1,3,0,1,0,1,8
1713213231002829221,92,1,0,3,2,1,1,0,1,4
1713213231015050610,92,1,1,1,3,1,2,0,1,40
1713213231023784846,92,1,0,3,2,2,2,0,1,28
1713213231029414364,92,1,0,3,2,3,2,0,1,15
1713213231057039391,92,1,1,3,4,3,3,0,1,35
1713213231066247183,92,1,1,2,3,3,4,0,1,28
1713213231070636264,92,1,0,3,2,4,4,0,1,16
1713213231077432093,92,1,0,3,2,5,4,0,1,9
1713213231085458836,92,2,0,3,1,6,4,1,1,18
1713213231090877129,92,1,0,3,1,1,0,1,1,17
1713213231122982098,92,1,1,3,4,1,1,1,1,35
1713213231137563763,92,1,1,2,3,1,2,1,1,74
1713213231149376822,92,1,1,1,3,1,3,1,1,27
1713213231160036825,92,1,1,2,3,1,4,1,1,34
1713213231174810888,92,1,1,1,3,1,5,1,1,69
1713213231180510914,92,3,1,0,3,1,6,1,2,42
1713213231189772878,93,1,1,0,3,0,1,0,0,19
1713213231208588426,93,1,0,4,3,1,1,0,0,11
1713213231232553306,93,1,0,4,3,2,1,0,0,38
1713213231238585393,93,1,1,1,3,2,2,0,0,2
1713213231254598126,93,1,0,3,2,3,2,0,0,98
1713213231271021054,93,1,1,2,3,3,3,0,0,40
1713213231285447157,93,1,1,1,3,3,4,0,0,69
1713213231291499799,93,1,1,2,3,3,5,0,0,4
1713213231297269924,93,1,0,3,0,4,5,0,0,20
1713213231308403210,93,1,0,3,2,5,5,0,0,25
1713213231333985690,93,1,1,3,4,5,6,0,0,107
1713213231341454389,93,2,1,0,3,5,7,0,1,18
1713213231351715877,93,1,0,3,1,1,0,0,1,40
1713213231360285111,93,1,1,1,3,1,1,0,1,30
1713213231373404005,93,1,1,2,3,1,2,0,1,15
1713213231384100762,93,1,1,1,3,1,3,0,1,6
1713213231391002702,93,1,0,3,2,2,3,0,1,16
1713213231395811287,93,1,1,1,3,2,4,0,1,24
1713213231407219293,93,1,0,3,2,3,4,0,1,64
1713213231414758662,93,1,1,2,3,3,5,0,1,4
1713213231425950508,93,1,0,4,3,4,5,0,1,40
1713213231430854806,93,1,0,3,0,5,5,0,1,37
1713213231452887610,93,1,1,2,3,5,6,0,1,95
1713213231462233500,93,3,1,1,3,5,7,0,2,20
1713213231470103313,94,1,0,3,2,1,0,0,0,12
1713213231499019448,94,1,0,4,3,2,0,0,0,23
1713213231523030065,94,1,1,3,4,2,1,0,0,83
1713213231538578335,94,1,1,2,3,2,2,0,0,94
1713213231546745914,94,1,0,3,1,3,2,0,0,56
1713213231566407996,94,1,0,4,3,4,2,0,0,17
1713213231578598271,94,1,0,3,2,5,2,0,0,32
1713213231592599161,94,2,0,3,1,6,2,1,0,57
1713213231616942209,94,1,0,4,3,1,0,1,0,56
1713213231639732923,94,1,1,2,3,1,1,1,0,16
1713213231655325728,94,1,0,3,2,2,1,1,0,106
1713213231663318830,94,1,1,1,3,2,2,1,0,16
1713213231671326221,94,1,1,2,3,2,3,1,0,23
1713213231686694682,94,1,1,1,3,2,4,1,0,28
1713213231701304322,94,1,1,3,4,2,5,1,0,39
1713213231708821277,94,2,1,0,3,2,6,1,1,14
1713213231730908581,94,1,0,3,1,1,0,1,1,34
1713213231740357742,94,1,0,3,2,2,0,1,1,9
1713213231753296377,94,1,0,3,2,3,0,1,1,22
1713213231772216992,94,1,1,3,4,3,1,1,1,14
1713213231781272247,94,1,0,3,2,4,1,1,1,10
1713213231804441635,94,1,1,3,4,4,2,1,1,22
1713213231821534270,94,1,1,0,3,4,3,1,1,45
1713213231833036645,94,1,1,0,3,4,4,1,1,44
1713213231854017284,94,1,0,4,3,5,4,1,1,24
1713213231863224772,94,3,0,3,2,6,4,2,1,13
1713213231876803874,95,1,0,4,3,1,0,0,0,32
1713213231885894928,95,1,0,3,1,2,0,0,0,53
1713213231907785357,95,1,0,4,3,3,0,0,0,20
1713213231918964577,95,1,0,3,2,4,0,0,0,57
1713213231929367364,95,1,1,3,4,4,1,0,0,9
1713213231943353582,95,1,1,3,4,4,2,0,0,32
1713213231953890874,95,1,1,1,3,4,3,0,0,21
1713213231992092711,95,1,0,4,3,5,3,0,0,35
1713213231995494031,95,2,0,3,1,6,3,1,0,6
1713213232013633085,95,1,1,1,3,0,1,1,0,28
1713213232021225481,95,1,1,2,3,0,2,1,0,17
1713213232031230729,95,1,1,1,3,0,3,1,0,6
1713213232046476316,95,1,1,2,3,0,4,1,0,19
1713213232060629013,95,1,1,3,4,0,5,1,0,30
1713213232074120307,95,1,0,3,1,1,5,1,0,56
1713213232084648648,95,2,1,0,3,1,6,1,1,48
1713213232091016933,95,1,1,0,3,0,1,1,1,41
1713213232107547630,95,1,1,3,4,0,2,1,1,32
1713213232115615328,95,1,0,3,2,1,2,1,1,12
1713213232130381114,95,1,1,2,3,1,3,1,1,32
1713213232155748693,95,1,0,4,3,2,3,1,1,142
1713213232176402480,95,1,1,3,4,2,4,1,1,2
1713213232204899510,95,1,0,4,3,3,4,1,1,20
1713213232213401618,95,1,0,3,2,4,4,1,1,27
1713213232223638331,95,1,0,3,1,5,4,1,1,12
1713213232239989548,95,3,0,4,3,6,4,2,1,9
1713213232248541892,96,1,0,3,2,1,0,0,0,20
1713213232259753864,96,1,0,3,0,2,0,0,0,53
1713213232275988061,96,1,0,4,3,3,0,0,0,44
1713213232289175953,96,1,1,0,3,3,1,0,0,82
1713213232298277021,96,1,0,3,1,4,1,0,0,10
1713213232308514192,96,1,0,3,2,5,1,0,0,27
1713213232316452233,96,1,1,0,3,5,2,0,0,57
1713213232326842719,96,1,1,1,3,5,3,0,0,52
1713213232334677781,96,1,1,1,3,5,4,0,0,33
1713213232344402119,96,2,0,3,0,6,4,1,0,25
1713213232349784638,96,1,0,3,1,1,0,1,0,16
1713213232356005476,96,1,1,0,3,1,1,1,0,18
1713213232379974286,96,1,1,3,4,1,2,1,0,43
1713213232401710811,96,1,1,3,4,1,3,1,0,6
1713213232411364332,96,1,0,3,1,2,3,1,0,20
1713213232420012559,96,1,1,1,3,2,4,1,0,12
1713213232431866029,96,1,0,4,3,3,4,1,0,6
1713213232451285705,96,1,0,4,3,4,4,1,0,5
1713213232457493033,96,1,1,1,3,4,5,1,0,5
1713213232468414136,96,1,0,3,2,5,5,1,0,15
1713213232485211599,96,1,1,2,3,5,6,1,0,59
1713213232505125856,96,2,1,1,3,5,7,1,1,8
1713213232511419549,96,1,1,0,3,0,1,1,1,3
1713213232519495725,96,1,0,3,1,1,1,1,1,9
1713213232527774450,96,1,1,0,3,1,2,1,1,17
1713213232551259447,96,1,0,4,3,2,2,1,1,19
1713213232563967674,96,1,1,2,3,2,3,1,1,43
1713213232578101353,96,1,1,3,4,2,4,1,1,6
1713213232596645482,96,1,1,3,4,2,5,1,1,11
1713213232606149901,96,3,1,2,3,2,6,1,2,2
1713213232610320000,97,1,0,3,0,1,0,0,0,28
1713213232618827637,97,1,0,3,0,2,0,0,0,41
1713213232622721086,97,1,0,3,0,3,0,0,0,16
1713213232634659042,97,1,0,3,2,4,0,0,0,11
1713213232674589883,97,1,1,3,4,4,1,0,0,19
1713213232685194048,97,1,1,2,3,4,2,0,0,4
1713213232690733895,97,1,0,3,0,5,2,0,0,6
1713213232706807253,97,1,1,3,4,5,3,0,0,18
1713213232720736550,97,2,0,3,2,6,3,1,0,28
1713213232751928353,97,1,0,4,3,1,0,1,0,79
1713213232768082356,97,1,1,3,4,1,1,1,0,37
1713213232797999841,97,1,0,4,3,2,1,1,0,83
1713213232806324620,97,1,1,1,3,2,2,1,0,5
1713213232835487060,97,1,0,4,3,3,2,1,0,31
1713213232845251975,97,1,1,2,3,3,3,1,0,7
1713213232848137484,97,1,0,3,0,4,3,1,0,11
1713213232863201684,97,1,1,3,4,4,4,1,0,17
1713213232875150848,97,1,1,3,4,4,5,1,0,12
1713213232892726265,97,2,1,1,3,4,6,1,1,171
1713213232904579027,97,1,0,3,0,1,0,1,1,31
1713213232924334976,97,1,0,3,2,2,0,1,1,80
1713213232936311995,97,1,1,2,3,2,1,1,1,32
1713213232947823205,97,1,0,3,1,3,1,1,1,16
1713213232954756887,97,1,1,1,3,3,2,1,1,40
1713213232963542264,97,1,1,0,3,3,3,1,1,19
1713213232992389514,97,1,1,3,4,3,4,1,1,2
1713213233002994868,97,1,1,1,3,3,5,1,1,13
1713213233011916766,97,3,1,1,3,3,6,1,2,10
1713213233023954880,98,1,0,4,3,1,0,0,0,16
1713213233034001322,98,1,0,3,2,2,0,0,0,45
1713213233038363947,98,1,1,0,3,2,1,0,0,19
1713213233048622247,98,1,0,3,1,3,1,0,0,13
1713213233064680928,98,1,1,3,4,3,2,0,0,73
1713213233069565507,98,1,1,0,3,3,3,0,0,16
1713213233076720198,98,1,1,1,3,3,4,0,0,3
1713213233081925667,98,1,1,1,3,3,5,0,0,28
1713213233084322774,98,2,1,0,3,3,6,0,1,17
1713213233094564321,98,1,1,1,3,0,1,0,1,42
1713213233106085472,98,1,0,3,2,1,1,0,1,4
1713213233115650058,98,1,1,0,3,1,2,0,1,6
1713213233127646900,98,1,0,3,2,2,2,0,1,24
1713213233145087596,98,1,1,3,4,2,3,0,1,6
1713213233160583782,98,1,0,4,3,3,3,0,1,30
1713213233171252366,98,1,1,1,3,3,4,0,1,76
1713213233178677995,98,1,0,3,2,4,4,0,1,10
1713213233195009548,98,1,0,4,3,5,4,0,1,21
1713213233212520703,98,1,1,2,3,5,5,0,1,25
1713213233228472602,98,1,1,1,3,5,6,0,1,112
1713213233238513964,98,1,0,3,0,6,6,0,1,28
1713213233249633858,98,1,1,0,3,6,7,0,1,16
1713213233269199704,98,1,0,4,3,7,7,0,1,34
1713213233277610178,98,1,0,3,0,8,7,0,1,33
1713213233315534775,98,2,0,4,3,9,7,1,1,8
1713213233326649020,98,1,0,4,3,1,0,1,1,49
1713213233340484254,98,1,1,2,3,1,1,1,1,43
1713213233356478533,98,1,0,4,3,2,1,1,1,83
1713213233367140184,98,1,1,0,3,2,2,1,1,9
1713213233370220509,98,1,0,3,0,3,2,1,1,5
1713213233378403956,98,1,0,3,2,4,2,1,1,12
1713213233391083148,98,1,1,1,3,4,3,1,1,12
1713213233408719489,98,1,0,4,3,5,3,1,1,36
1713213233416199664,98,1,1,3,4,5,4,1,1,10
1713213233424251978,98,1,1,1,3,5,5,1,1,3
1713213233429074971,98,1,1,1,3,5,6,1,1,24
1713213233438784349,98,1,0,4,3,6,6,1,1,50
1713213233473413063,98,1,1,3,4,6,7,1,1,30
1713213233488861302,98,1,0,3,2,7,7,1,1,58
1713213233499901711,98,1,1,1,3,7,8,1,1,42
1713213233509376771,98,3,1,2,3,7,9,1,2,33
1713213233518470359,99,1,0,3,2,1,0,0,0,31
1713213233544182501,99,1,0,4,3,2,0,0,0,16
1713213233556569460,99,1,1,2,3,2,1,0,0,26
1713213233571480712,99,1,1,2,3,2,2,0,0,3
1713213233582789247,99,1,0,3,1,3,2,0,0,75
1713213233594954605,99,1,0,3,2,4,2,0,0,42
1713213233612199275,99,1,0,3,2,5,2,0,0,77
1713213233617796066,99,1,1,1,3,5,3,0,0,7
1713213233626191408,99,1,1,1,3,5,4,0,0,28
1713213233635542368,99,2,0,4,3,6,4,1,0,10
1713213233647611034,99,1,1,0,3,0,1,1,0,48
1713213233655209022,99,1,0,3,2,1,1,1,0,8
1713213233663765061,99,1,1,3,4,1,2,1,0,6
1713213233673395421,99,1,1,1,3,1,3,1,0,41
1713213233679136905,99,1,1,0,3,1,4,1,0,2
1713213233712286902,99,1,0,4,3,2,4,1,0,6
1713213233726499622,99,1,1,0,3,2,5,1,0,74
1713213233731131178,99,2,1,2,3,2,6,1,1,7
1713213233743643696,99,1,0,3,2,1,0,1,1,55
1713213233751295720,99,1,1,1,3,1,1,1,1,51
1713213233763169251,99,1,1,2,3,1,2,1,1,44
1713213233772700903,99,1,1,2,3,1,3,1,1,53
1713213233778404428,99,1,0,3,0,2,3,1,1,35
1713213233796584550,99,1,0,4,3,3,3,1,1,44
1713213233815951431,99,1,1,3,4,3,4,1,1,48
1713213233824998279,99,1,1,2,3,3,5,1,1,35
1713213233838214305,99,3,1,2,3,3,6,1,2,88
1713213233851160377,100,1,1,1,3,0,1,0,0,91
1713213233858727572,100,1,0,3,0,1,1,0,0,53
1713213233868612870,100,1,1,1,3,1,2,0,0,43
1713213233882537105,100,1,0,3,1,2,2,0,0,27
1713213233905666495,100,1,0,4,3,3,2,0,0,28
1713213233914180539,100,1,1,2,3,3,3,0,0,30
1713213233940396796,100,1,0,4,3,4,3,0,0,36
1713213233951384827,100,1,0,3,1,5,3,0,0,25
1713213233977275183,100,1,1,3,4,5,4,0,0,85
1713213233998312980,100,1,1,2,3,5,5,0,0,80
1713213234015643716,100,1,0,3,2,6,5,0,0,12
1713213234037957115,100,2,0,4,3,7,5,1,0,65
1713213234050173057,100,1,1,2,3,0,1,1,0,5
1713213234081972881,100,1,1,3,4,0,2,1,0,114
1713213234098826019,100,1,0,3,2,1,2,1,0,30
1713213234113288455,100,1,1,2,3,1,3,1,0,38
1713213234127287612,100,1,0,3,1,2,3,1,0,16
1713213234143624559,100,1,0,3,1,3,3,1,0,33
1713213234167769351,100,1,1,3,4,3,4,1,0,11
1713213234178524164,100,1,1,1,3,3,5,1,0,10
1713213234189567344,100,2,1,0,3,3,6,1,1,23
1713213234221105017,100,1,1,3,4,0,1,1,1,4
1713213234230238713,100,1,0,3,1,1,1,1,1,48
1713213234243695805,100,1,0,4,3,2,1,1,1,11
1713213234260809905,100,1,1,2,3,2,2,1,1,29
1713213234282055049,100,1,1,3,4,2,3,1,1,34
1713213234304888209,100,1,0,4,3,3,3,1,1,34
1713213234357778362,100,1,1,3,4,3,4,1,1,94
1713213234381576173,100,1,1,2,3,3,5,1,1,17
1713213234412124272,100,1,0,4,3,4,5,1,1,35
1713213234434022052,100,1,0,3,2,5,5,1,1,16
1713213234464174917,100,1,1,3,4,5,6,1,1,24
1713213234476203044,100,1,0,3,2,6,6,1,1,8
1713213234484867046,100,1,0,3,1,7,6,1,1,15
1713213234494651422,100,3,0,3,1,8,6,2,1,36
